AGI,Alias,cluster_id,DE_6,DE_12,DE_18,DE_24,DE_30,DE_36
AT1G01140,"CIPK9, PKS6, SnRK3.12",1,1,0,0,0,0,0
AT1G02400,"ATGA2OX4, ATGA2OX6, DTA1, GA2OX6",1,0,1,0,0,0,1
AT1G04700,NA,1,0,0,0,1,0,0
AT1G09080,BIP3,1,1,0,0,0,0,0
AT1G12040,LRX1,1,1,0,0,0,0,0
AT1G19200,NA,1,1,0,0,1,0,0
AT1G19700,"BEL10, BLH10",1,0,0,0,1,0,0
AT1G30270,"ATCIPK23, CIPK23, LKS1, PKS17, SnRK3.23",1,1,1,0,1,0,0
AT1G55330,"AGP21, ATAGP21",1,1,0,0,0,0,0
AT1G62975,NA,1,1,0,0,0,0,0
AT1G70750,NA,1,1,0,0,0,0,0
AT1G72150,PATL1,1,1,0,0,0,0,0
AT1G75620,NA,1,1,0,0,0,0,0
AT1G76230,NA,1,1,0,0,1,1,0
AT1G78260,NA,1,1,0,0,0,0,0
AT2G15300,NA,1,0,1,0,0,0,0
AT2G15980,NA,1,1,0,0,0,0,0
AT2G20724,NA,1,1,0,0,1,0,0
AT2G21880,"ATRAB7A, ATRABG2, RAB7A",1,1,0,0,0,0,0
AT2G23960,NA,1,0,0,0,1,0,0
AT2G24260,LRL1,1,0,0,0,1,0,0
AT2G32270,ZIP3,1,0,1,0,0,0,0
AT2G34070,TBL37,1,1,1,0,0,0,0
AT2G45890,"ATROPGEF4, GEF4, RHS11, ROPGEF4",1,0,1,0,0,0,0
AT2G46680,"ATHB-7, ATHB7, HB-7",1,0,0,0,1,0,0
AT3G01420,"ALPHA-DOX1, DIOX1, DOX1, PADOX-1",1,0,0,0,1,0,0
AT3G04010,NA,1,1,0,0,1,0,0
AT3G12700,NANA,1,1,0,0,1,0,0
AT3G14440,"ATNCED3, NCED3, SIS7, STO1",1,1,0,0,1,0,0
AT3G14850,TBL41,1,1,0,0,0,0,0
AT3G16340,"ABCG29, AtABCG29, ATPDR1, PDR1",1,1,0,0,0,0,0
AT3G16390,NSP3,1,0,1,0,1,1,0
AT3G21180,"ACA9, ATACA9",1,1,0,0,0,0,0
AT3G26700,NA,1,1,0,0,0,0,0
AT3G28345,"ABCB15, MDR13",1,1,1,0,1,1,0
AT3G47220,"ATPLC9, PLC9",1,1,0,0,0,0,0
AT3G47420,"AtG3Pp1, ATPS3, G3Pp1, PS3",1,1,0,0,1,0,0
AT3G49780,"ATPSK3 (FORMER SYMBOL), ATPSK4, PSK4",1,1,0,0,1,0,0
AT3G56930,NA,1,1,0,0,0,0,0
AT3G61890,"ATHB-12, ATHB12, HB-12",1,1,1,0,0,1,0
AT4G13620,NA,1,1,0,0,0,0,0
AT4G17340,"DELTA-TIP2, TIP2;2",1,0,1,0,0,0,0
AT4G18010,"5PTASE2, AT5PTASE2, IP5PII",1,1,1,0,1,0,0
AT4G22070,"ATWRKY31, WRKY31",1,1,0,0,1,0,0
AT4G25070,NA,1,1,0,0,0,0,0
AT4G26320,AGP13,1,1,0,0,0,0,0
AT4G27410,"ANAC072, RD26",1,1,0,0,1,0,0
AT4G30290,"ATXTH19, XTH19",1,1,0,0,0,0,0
AT4G34580,"COW1, SRH1",1,0,0,0,1,0,0
AT4G36380,ROT3,1,1,0,0,0,0,0
AT4G40060,"ATHB-16, ATHB16, HB16",1,1,0,0,0,0,0
AT5G01600,"ATFER1, FER1",1,0,0,0,1,0,1
AT5G06640,EXT10,1,1,0,0,0,0,0
AT5G09440,EXL4,1,1,0,0,0,0,0
AT5G15180,NA,1,0,0,0,1,0,0
AT5G20150,"ATSPX1, SPX1",1,0,0,0,1,0,0
AT5G21105,NA,1,1,1,0,0,0,0
AT5G35190,EXT13,1,0,0,0,1,0,0
AT5G55550,NA,1,1,0,0,0,0,0
AT5G57740,XBAT32,1,1,0,0,0,0,0
AT5G65390,AGP7,1,1,0,0,0,0,0
AT1G01210,NA,2,1,0,0,0,0,0
AT1G14300,NA,2,1,1,0,1,0,0
AT1G14620,DECOY,2,0,1,0,0,0,0
AT1G23280,NA,2,0,0,0,1,0,0
AT1G23410,NA,2,1,0,0,1,0,0
AT1G24310,NA,2,0,0,0,1,0,0
AT1G29320,NA,2,1,0,0,0,0,0
AT1G31660,NA,2,0,0,0,0,0,1
AT1G35610,NA,2,0,0,0,1,0,0
AT1G45110,NA,2,1,0,0,1,0,0
AT1G48460,NA,2,1,0,0,0,0,0
AT1G52930,NA,2,1,0,0,1,0,0
AT1G60230,NA,2,0,0,0,1,0,0
AT1G62150,NA,2,0,1,0,1,0,0
AT1G74560,NRP1,2,1,0,0,1,0,0
AT1G78730,NA,2,0,0,0,1,0,0
AT2G05830,NA,2,0,0,0,0,0,1
AT2G18330,NA,2,0,0,0,1,0,0
AT2G27840,"HDA13, HDT04, HDT4",2,0,0,0,1,0,0
AT2G30590,WRKY21,2,0,0,0,1,0,0
AT2G31410,NA,2,0,0,0,1,0,0
AT2G37020,NA,2,1,0,0,0,0,0
AT2G37790,AKR4C10,2,1,0,0,0,0,0
AT2G43650,EMB2777,2,0,0,0,1,0,0
AT3G18510,NA,2,0,1,0,1,0,0
AT3G18750,"ATWNK6, WNK6, ZIK5",2,0,0,0,1,0,0
AT3G20240,NA,2,0,0,0,1,0,0
AT3G22660,NA,2,1,0,0,1,0,0
AT3G23370,NA,2,0,0,0,1,0,0
AT3G23550,NA,2,0,0,1,0,1,1
AT3G27150,NA,2,1,0,0,0,0,0
AT3G27280,"ATPHB4, PHB4",2,1,0,0,1,0,0
AT3G50040,NA,2,1,0,0,1,0,0
AT3G50660,"AtDWF4, CLM, CYP90B1, DWF4, PSC1, SAV1, SNP2",2,0,0,0,0,0,1
AT3G59890,NA,2,1,0,0,1,0,0
AT3G62530,NA,2,1,0,0,1,0,0
AT4G00620,EMB3127,2,1,0,0,1,0,0
AT4G02220,NA,2,1,0,0,0,0,0
AT4G04180,NA,2,1,0,0,0,0,0
AT4G10450,NA,2,0,0,0,1,0,0
AT4G13170,NA,2,0,1,0,1,0,0
AT4G14660,NRPE7,2,1,1,0,0,0,0
AT4G16141,NA,2,0,1,0,0,0,0
AT4G20130,"PTAC14, TAC14",2,0,1,0,0,0,0
AT4G25630,"ATFIB2, FIB2",2,1,0,0,0,0,0
AT4G28450,NA,2,1,1,0,1,0,0
AT4G28510,"ATPHB1, PHB1",2,1,0,0,1,0,0
AT4G30930,NFD1,2,0,0,0,1,0,0
AT4G32520,"AtSHMT3, SHM3",2,1,0,0,1,0,0
AT4G37670,NAGS2,2,1,0,0,1,0,0
AT5G02050,NA,2,0,0,0,1,0,0
AT5G08180,NA,2,0,0,0,1,0,0
AT5G12320,NA,2,0,1,0,0,0,0
AT5G19300,NA,2,0,0,0,1,0,0
AT5G24840,NA,2,0,1,0,1,0,0
AT5G27120,NA,2,1,0,0,1,0,0
AT5G30495,NA,2,0,1,0,0,0,0
AT5G37530,NA,2,0,0,0,1,0,0
AT5G38720,NA,2,1,0,0,1,0,0
AT5G58370,NA,2,1,0,0,1,0,0
AT5G65030,NA,2,1,1,0,0,0,0
AT5G65860,NA,2,1,0,0,1,0,0
AT5G66960,NA,2,0,0,0,1,0,0
AT1G01470,"LEA14, LSR3",3,1,0,0,1,0,0
AT1G05680,UGT74E2,3,1,1,0,0,0,0
AT1G13195,NA,3,0,0,0,1,0,0
AT1G15430,NA,3,0,0,0,1,0,0
AT1G16850,NA,3,0,0,0,1,0,0
AT1G20140,"ASK4, SK4",3,0,0,0,1,0,0
AT1G21000,NA,3,0,0,0,1,0,0
AT1G21520,NA,3,0,0,0,1,0,0
AT1G22985,CRF7,3,0,0,0,1,0,0
AT1G28760,NA,3,0,0,0,1,0,0
AT1G31320,LBD4,3,0,0,0,1,0,0
AT1G43160,RAP2.6,3,0,0,0,1,0,1
AT1G50590,NA,3,1,0,0,1,0,0
AT1G51035,NA,3,1,0,0,1,1,0
AT1G54290,NA,3,1,0,0,0,0,0
AT1G59660,NA,3,0,1,0,1,0,0
AT1G63530,NA,3,0,0,0,1,0,0
AT1G68795,CLE12,3,1,0,0,1,0,0
AT1G70440,SRO3,3,1,1,0,1,0,0
AT1G70690,"HWI1, PDLP5",3,1,0,0,1,0,0
AT1G70700,"JAZ9, TIFY7",3,0,0,0,1,0,0
AT1G71950,NA,3,0,0,0,1,0,0
AT1G73880,UGT89B1,3,0,0,0,1,0,0
AT1G75600,NA,3,0,1,0,1,0,0
AT1G76590,NA,3,0,0,0,1,0,0
AT1G78210,NA,3,0,0,0,1,0,0
AT1G80110,"ATPP2-B11, PP2-B11",3,0,0,0,1,0,0
AT2G15830,NA,3,1,0,0,1,1,0
AT2G18193,NA,3,0,0,0,1,0,0
AT2G20500,NA,3,0,1,0,1,0,0
AT2G21620,RD2,3,1,0,0,1,0,0
AT2G22470,"AGP2, ATAGP2",3,1,0,0,1,0,0
AT2G23120,NA,3,0,0,0,1,0,0
AT2G29430,NA,3,1,0,0,1,0,0
AT2G29450,"AT103-1A, ATGSTU1, ATGSTU5, GSTU5",3,0,0,0,1,0,0
AT2G29460,"ATGSTU4, GST22, GSTU4",3,1,0,0,1,0,0
AT2G30130,"ASL5, LBD12, PCK1",3,1,0,0,1,0,0
AT2G32190,NA,3,1,0,0,1,0,0
AT2G32210,NA,3,0,0,0,1,0,0
AT2G38240,NA,3,0,1,0,0,0,0
AT2G47520,"AtERF71, ERF71, HRE2",3,1,0,0,1,0,0
AT3G02480,NA,3,1,0,0,1,1,0
AT3G05880,RCI2A,3,1,0,0,1,0,0
AT3G05890,RCI2B,3,1,0,0,1,0,0
AT3G06420,ATG8H,3,0,0,0,1,0,0
AT3G07650,"BBX7, COL9",3,0,0,0,1,0,0
AT3G11110,NA,3,0,0,0,1,0,0
AT3G13520,"AGP12, ATAGP12",3,1,0,0,1,0,0
AT3G19920,NA,3,0,1,0,1,0,0
AT3G25597,NA,3,0,0,0,1,0,0
AT3G27030,NA,3,0,0,0,1,0,0
AT3G47960,GTR1,3,0,0,0,1,0,0
AT3G50970,"LTI30, XERO2",3,1,1,0,1,0,0
AT3G52360,NA,3,1,0,0,1,0,0
AT3G52561,NA,3,0,0,0,1,0,0
AT3G55720,NA,3,0,1,0,1,0,0
AT3G55970,"ATJRG21, JRG21",3,0,1,0,1,0,0
AT3G57120,NA,3,0,0,0,1,0,0
AT4G01680,"AtMYB55, MYB55",3,0,0,0,1,1,0
AT4G08555,NA,3,1,0,0,1,1,0
AT4G21830,"ATMSRB7, MSRB7",3,0,0,0,1,0,0
AT4G24960,"ATHVA22D, HVA22D",3,0,0,0,1,0,0
AT4G28290,NA,3,0,0,0,1,0,0
AT4G29930,NA,3,0,1,0,1,0,0
AT4G30530,GGP1,3,0,0,0,1,0,0
AT4G33930,NA,3,1,0,0,1,0,0
AT4G34210,"ASK11, SK11",3,1,0,0,1,0,0
AT4G36010,NA,3,0,0,0,1,0,0
AT4G38140,NA,3,0,0,0,1,0,0
AT4G39366,NA,3,0,0,0,1,0,0
AT5G01380,NA,3,0,0,0,1,0,0
AT5G02230,NA,3,0,0,0,1,0,0
AT5G03030,NA,3,0,0,0,1,0,0
AT5G04250,NA,3,0,1,0,1,0,0
AT5G05600,NA,3,0,1,0,1,0,0
AT5G08130,BIM1,3,1,0,0,0,0,0
AT5G10300,"AtHNL, ATMES5, HNL, MES5",3,0,0,0,1,0,0
AT5G12010,NA,3,0,0,0,1,0,0
AT5G16010,NA,3,1,0,0,1,0,0
AT5G16970,"AER, AT-AER",3,1,1,0,1,0,0
AT5G20230,"ATBCB, BCB, BCB, SAG14",3,0,0,0,1,0,0
AT5G37750,NA,3,1,0,0,1,0,0
AT5G40930,TOM20-4,3,0,0,0,1,0,0
AT5G42580,CYP705A12,3,1,0,0,1,0,0
AT5G48570,"ATFKBP65, FKBP65, ROF2",3,0,1,0,0,0,0
AT5G49520,"ATWRKY48, WRKY48",3,0,0,0,1,0,0
AT5G50175,NA,3,1,0,0,1,0,0
AT5G51440,NA,3,0,0,0,1,0,0
AT5G57050,"ABI2, AtABI2",3,1,1,0,0,1,0
AT5G59490,NA,3,1,0,0,1,0,0
AT5G64310,"AGP1, ATAGP1",3,0,0,0,1,0,0
AT5G66780,NA,3,0,1,0,1,0,0
AT5G67190,DEAR2,3,1,0,0,1,0,0
AT5G67600,WIH1,3,0,0,0,1,0,0
AT1G02050,"LAP6, PSKA",4,1,0,0,0,0,0
AT1G02060,NA,4,0,0,0,1,0,0
AT1G04600,"ATXIA, XIA",4,0,1,0,0,0,0
AT1G13410,NA,4,0,0,0,1,0,0
AT1G20120,NA,4,0,1,0,0,0,0
AT1G48570,NA,4,1,0,0,1,0,0
AT1G66730,"AtLIG6, LIG6",4,0,1,0,0,0,0
AT1G67120,NA,4,0,0,0,1,0,0
AT1G67700,NA,4,1,0,0,1,0,0
AT1G68050,"ADO3, FKF1",4,0,1,0,0,0,0
AT1G70200,NA,4,0,0,0,1,0,0
AT1G74170,"AtRLP13, RLP13",4,0,0,0,1,0,0
AT1G75261,NA,4,0,1,0,0,0,0
AT1G78750,NA,4,0,0,0,1,0,0
AT2G03850,NA,4,0,0,0,1,0,0
AT2G07735,NA,4,0,1,0,0,0,0
AT2G16430,"ATPAP10, PAP10",4,1,0,0,1,0,0
AT2G17010,NA,4,0,1,0,0,0,0
AT2G21560,NA,4,0,1,0,0,0,0
AT2G22600,NA,4,0,0,0,1,0,0
AT2G26380,NA,4,0,0,0,1,0,0
AT2G34710,"ATHB-14, ATHB14, PHB, PHB-1D",4,0,1,0,0,0,0
AT2G38790,NA,4,0,0,0,1,0,0
AT2G41700,"ABCA1, AtABCA1",4,0,1,0,0,0,1
AT2G44630,NA,4,0,0,0,1,0,0
AT2G46820,"PSAP, PSI-P, PTAC8, TMP14",4,0,0,0,1,0,0
AT2G47230,"ATDUF6, DUF6",4,1,0,0,0,0,0
AT3G03630,CS26,4,1,0,0,0,0,0
AT3G17668,ENA,4,1,0,0,0,0,0
AT3G20475,"ATMSH5, MSH5",4,1,1,0,0,0,0
AT3G24430,HCF101,4,0,0,0,1,0,0
AT3G29110,NA,4,1,0,0,1,0,0
AT3G45660,NA,4,0,1,0,0,0,0
AT3G46610,NA,4,0,0,0,1,0,0
AT3G48080,NA,4,1,0,0,0,0,0
AT3G51860,"ATCAX3, ATHCX1, CAX1-LIKE, CAX3",4,1,0,0,0,0,0
AT3G54090,FLN1,4,1,0,0,1,0,0
AT3G63320,NA,4,0,1,0,0,0,0
AT4G00480,"ATMYC1, myc1",4,1,0,0,1,0,0
AT4G21400,CRK28,4,0,0,0,1,0,0
AT4G21750,ATML1,4,0,0,0,1,0,0
AT4G28150,NA,4,0,1,0,0,0,0
AT4G30825,NA,4,0,0,0,1,0,0
AT4G32270,NA,4,0,0,0,1,0,0
AT4G35520,"ATMLH3, MLH3",4,0,1,0,0,0,0
AT4G38560,NA,4,0,1,0,0,0,0
AT5G04810,NA,4,0,0,0,1,0,0
AT5G13630,"ABAR, CCH, CCH1, CHLH, GUN5",4,1,0,0,1,1,0
AT5G16190,"ATCSLA11, CSLA11",4,0,0,0,1,0,0
AT5G16235,NA,4,1,0,0,0,0,0
AT5G16570,GLN1;4,4,1,0,0,1,0,0
AT5G23690,NA,4,0,0,0,1,0,0
AT5G25920,NA,4,0,1,0,0,0,0
AT5G28400,NA,4,0,1,0,0,0,0
AT5G37570,NA,4,0,0,0,1,0,0
AT5G46110,"APE2, TPT",4,0,1,0,0,0,0
AT5G46460,NA,4,0,0,0,1,0,0
AT5G51730,NA,4,0,0,0,1,0,0
AT1G02370,NA,5,1,0,0,1,0,0
AT1G03300,"ATDUF1, DUF1",5,0,0,0,1,0,0
AT1G05460,SDE3,5,1,0,0,1,0,0
AT1G05730,NA,5,1,0,0,1,0,0
AT1G06380,NA,5,0,0,0,1,0,0
AT1G06560,NA,5,1,0,0,0,0,0
AT1G08070,"EMB3102, OTP82",5,1,0,0,0,0,0
AT1G09300,NA,5,1,0,0,0,0,0
AT1G10300,NA,5,1,0,0,1,0,0
AT1G11580,"ATPMEPCRA, PMEPCRA",5,0,0,0,1,0,0
AT1G16350,NA,5,1,0,0,1,0,0
AT1G16460,"ATMST2, ATRDH2, MST2, RDH2, ST2, STR2",5,1,0,0,1,1,0
AT1G19340,NA,5,1,0,0,1,0,0
AT1G23940,NA,5,1,0,0,1,0,0
AT1G27470,NA,5,1,0,0,1,0,0
AT1G52450,NA,5,0,0,0,1,0,0
AT1G53450,NA,5,1,0,0,0,0,0
AT1G56690,NA,5,0,0,0,1,0,0
AT1G61490,NA,5,0,0,0,1,0,0
AT1G63650,"AtEGL3, ATMYC-2, EGL1, EGL3",5,1,0,0,1,0,0
AT1G71460,NA,5,1,0,0,1,0,0
AT2G01510,NA,5,1,0,0,1,0,0
AT2G03380,NA,5,1,0,0,0,0,0
AT2G04270,"RNE, RNEE/G",5,0,0,0,1,0,0
AT2G06010,ORG4,5,1,0,0,0,0,0
AT2G13550,NA,5,1,1,0,1,0,0
AT2G14460,NA,5,1,1,0,1,0,0
AT2G16650,PRORP2,5,1,0,0,1,0,0
AT2G17260,"ATGLR2, ATGLR3.1, GLR2, GLR3.1",5,0,0,0,1,0,0
AT2G19670,"ATPRMT1A, PRMT1A",5,1,0,0,1,0,0
AT2G19870,NA,5,0,0,0,1,0,0
AT2G21440,NA,5,1,0,0,1,0,0
AT2G21800,"ATEME1A, EME1A, EME1A",5,0,0,0,1,0,0
AT2G22070,NA,5,0,0,0,1,0,0
AT2G23700,NA,5,1,0,0,1,0,0
AT2G25710,HCS1,5,0,0,0,1,0,0
AT2G26470,NA,5,1,0,0,1,0,0
AT2G26810,NA,5,1,0,0,0,0,0
AT2G31320,PARP1,5,1,0,0,0,0,0
AT2G39670,NA,5,0,0,0,1,0,0
AT2G39880,"AtMYB25, MYB25",5,1,0,0,0,0,0
AT2G40360,NA,5,0,0,0,1,0,0
AT2G41720,EMB2654,5,1,0,0,0,0,0
AT2G44040,NA,5,1,0,0,1,0,0
AT2G44510,NA,5,0,0,0,1,0,0
AT2G44640,NA,5,1,0,0,1,0,0
AT2G48120,PAC,5,0,0,0,1,0,0
AT3G02010,NA,5,0,0,0,1,0,0
AT3G02330,NA,5,1,0,0,0,0,0
AT3G04850,NA,5,0,0,0,1,0,0
AT3G06450,NA,5,0,0,0,1,0,0
AT3G07290,NA,5,1,0,0,0,0,0
AT3G09040,NA,5,0,0,0,1,0,0
AT3G13160,NA,5,1,0,0,1,0,0
AT3G15140,NA,5,0,0,0,1,0,0
AT3G20440,"BE1, EMB2729",5,1,0,0,1,0,0
AT3G21110,"ATPURC, PUR7, PURC",5,1,0,0,1,0,0
AT3G21300,NA,5,1,0,0,1,0,0
AT3G22690,NA,5,0,0,0,1,0,0
AT3G25970,NA,5,1,0,0,0,0,0
AT3G26540,NA,5,1,0,0,1,0,0
AT3G30350,"GLV3, RGF4",5,1,0,0,1,0,0
AT3G45020,NA,5,1,0,0,0,0,0
AT3G46870,NA,5,0,0,0,1,0,0
AT3G46900,COPT2,5,1,1,1,1,1,1
AT3G46950,NA,5,0,0,0,1,0,0
AT3G47840,NA,5,1,0,0,0,0,0
AT3G49320,NA,5,1,0,0,1,0,0
AT3G49740,NA,5,1,0,0,0,0,0
AT3G52390,NA,5,1,0,0,0,0,0
AT3G55510,RBL,5,1,0,0,1,0,0
AT3G57150,"AtCBF5, AtNAP57, CBF5, NAP57",5,1,0,0,1,0,0
AT3G59330,NA,5,0,0,0,1,0,0
AT3G60960,NA,5,1,0,0,0,0,0
AT4G02820,NA,5,0,0,0,1,0,0
AT4G02990,"BSM, RUG2",5,0,0,0,1,0,0
AT4G04190,NA,5,1,0,0,0,0,0
AT4G10280,NA,5,0,0,0,1,0,0
AT4G15810,NA,5,1,0,0,1,0,0
AT4G16770,NA,5,0,0,0,1,0,0
AT4G17360,NA,5,0,0,0,1,0,0
AT4G19710,"AK-HSDH, AK-HSDH II",5,1,0,0,1,0,0
AT4G21220,"AtLpxD2, LpxD2",5,0,0,0,1,0,0
AT4G22280,NA,5,1,0,0,0,0,0
AT4G24750,NA,5,1,0,0,1,0,0
AT4G26590,"ATOPT5, OPT5",5,1,0,0,0,0,0
AT4G28830,NA,5,1,1,0,0,0,0
AT4G29910,"ATORC5, EMB2798, ORC5",5,0,0,0,1,0,0
AT4G30330,NA,5,0,0,0,1,0,0
AT4G35050,"MSI3, NFC3",5,1,0,0,0,0,0
AT4G39040,NA,5,1,0,0,0,0,0
AT5G01090,NA,5,0,0,0,1,0,0
AT5G03800,"EMB166, EMB175, EMB1899",5,1,0,0,1,0,0
AT5G06620,"ATXR4, SDG38",5,1,0,0,1,0,0
AT5G08610,PDE340,5,1,0,0,1,0,0
AT5G08620,"ATRH25, STRS2",5,1,0,0,1,0,0
AT5G09840,NA,5,1,0,0,1,0,0
AT5G13830,NA,5,1,0,0,1,0,0
AT5G14060,CARAB-AK-LYS,5,0,0,0,1,0,0
AT5G15120,NA,5,0,1,0,1,1,1
AT5G15240,NA,5,0,0,0,1,0,0
AT5G16750,TOZ,5,1,0,0,1,0,0
AT5G17270,NA,5,1,0,0,1,0,0
AT5G23930,NA,5,1,0,0,1,0,0
AT5G24750,NA,5,1,0,0,0,0,0
AT5G38860,BIM3,5,1,0,0,0,0,0
AT5G44230,NA,5,0,0,0,1,0,0
AT5G46680,NA,5,1,0,0,0,0,0
AT5G48040,NA,5,1,0,0,0,0,0
AT5G50315,NA,5,1,0,0,1,0,0
AT5G51100,FSD2,5,1,1,0,1,0,0
AT5G51910,NA,5,0,1,0,1,0,0
AT5G52950,NA,5,0,0,0,1,0,0
AT5G53920,NA,5,0,0,0,1,0,0
AT5G54090,NA,5,1,0,0,0,0,0
AT5G55280,"ATFTSZ1-1, CPFTSZ, FTSZ1-1",5,1,0,0,1,0,0
AT5G60730,NA,5,1,0,0,1,0,0
AT5G61040,NA,5,1,0,0,0,0,0
AT5G64320,NA,5,1,0,0,1,0,0
AT5G67200,NA,5,1,0,0,1,0,0
AT1G02870,NA,6,1,0,0,0,0,0
AT1G09560,"GLP5, PDGLP1",6,0,0,0,1,0,0
AT1G14470,NA,6,0,0,0,1,0,0
AT1G23100,NA,6,0,1,0,1,0,0
AT1G25425,CLE43,6,1,0,0,0,0,0
AT1G26660,NA,6,0,1,0,0,0,0
AT1G27030,NA,6,0,0,0,1,0,0
AT1G50390,NA,6,0,1,0,0,0,0
AT1G51830,NA,6,0,0,0,1,1,0
AT1G52500,"ATFPG-1, ATFPG-2, ATMMH-1, ATMMH-2, FPG-1, FPG-2, MMH, MMH-1, MMH-2",6,0,1,0,0,0,0
AT1G53635,NA,6,0,0,0,1,0,0
AT1G58360,"AAP1, AtAAP1, NAT2",6,1,0,0,1,0,0
AT1G67920,NA,6,0,0,0,1,0,0
AT1G68220,NA,6,0,1,0,0,0,0
AT1G76360,NA,6,1,0,0,1,0,0
AT2G01670,"atnudt17, NUDT17",6,0,0,0,1,1,0
AT2G02250,"AtPP2-B2, PP2-B2",6,0,0,0,1,0,0
AT2G15030,NA,6,0,1,0,0,0,0
AT2G18210,NA,6,1,0,0,1,0,0
AT2G39560,NA,6,0,1,0,0,0,0
AT3G18580,NA,6,0,1,0,0,0,0
AT3G20230,NA,6,0,1,0,0,0,0
AT3G25930,NA,6,1,0,0,0,0,0
AT3G25940,NA,6,0,0,0,1,0,0
AT3G56140,NA,6,1,0,0,0,0,0
AT3G58270,NA,6,1,0,0,0,0,0
AT3G61410,NA,6,1,0,0,1,0,0
AT4G21840,"ATMSRB8, MSRB8",6,0,0,0,1,0,0
AT4G23280,CRK20,6,1,0,0,0,0,0
AT4G29170,ATMND1,6,0,1,0,1,0,0
AT4G31800,"ATWRKY18, WRKY18",6,0,0,0,0,1,0
AT4G35070,NA,6,0,0,0,1,0,0
AT4G37090,NA,6,0,1,0,0,0,0
AT4G39740,HCC2,6,1,0,0,0,0,0
AT5G13910,LEP,6,1,0,0,1,1,0
AT5G19910,MED31,6,0,1,0,0,0,0
AT5G38030,NA,6,1,0,0,0,0,1
AT5G47455,NA,6,0,0,0,1,0,0
AT1G02920,"ATGST11, ATGSTF7, ATGSTF8, GST11, GSTF7",7,1,1,0,0,1,0
AT1G02930,"ATGST1, ATGSTF3, ATGSTF6, ERD11, GST1, GSTF6",7,1,1,1,0,1,0
AT1G03660,NA,7,0,1,0,0,0,0
AT1G08930,ERD6,7,0,0,0,0,1,0
AT1G13110,CYP71B7,7,0,0,0,0,1,0
AT1G15330,NA,7,1,1,0,1,1,1
AT1G17300,NA,7,1,1,0,0,0,0
AT1G18570,"AtMYB51, BW51A, BW51B, HIG1, MYB51",7,0,1,0,0,1,0
AT1G20900,"AHL27, ESC, ORE7",7,1,1,0,1,0,0
AT1G21110,IGMT3,7,1,1,0,1,1,1
AT1G21120,IGMT2,7,1,1,1,0,1,0
AT1G21130,IGMT4,7,0,1,0,0,1,0
AT1G23840,NA,7,1,1,0,0,0,0
AT1G26380,NA,7,1,1,0,0,0,0
AT1G28330,"DRM1, DYL1",7,0,1,1,1,1,1
AT1G30720,NA,7,0,0,0,0,1,0
AT1G32460,NA,7,0,1,1,0,1,1
AT1G43670,"AtcFBP, FBP, FINS1",7,0,0,0,0,1,0
AT1G51790,NA,7,1,1,1,0,1,0
AT1G51920,NA,7,0,1,0,0,0,0
AT1G52200,NA,7,0,1,0,0,1,0
AT1G52240,"ATROPGEF11, PIRF1, ROPGEF11",7,0,1,1,1,1,1
AT1G55810,UKL3,7,0,1,0,1,1,0
AT1G56220,NA,7,0,1,0,1,1,0
AT1G64010,NA,7,0,0,1,1,1,0
AT1G64020,NA,7,0,1,0,1,0,0
AT1G65845,NA,7,0,1,0,0,1,0
AT1G67270,NA,7,1,1,0,0,0,0
AT1G67480,NA,7,0,0,0,0,1,0
AT1G67980,CCOAMT,7,1,1,0,0,0,0
AT1G69920,"ATGSTU12, GSTU12",7,1,1,0,0,0,0
AT1G79700,WRI4,7,0,1,0,0,0,0
AT2G02710,"PLP, PLPA, PLPB, PLPC",7,0,0,0,0,1,0
AT2G02930,"ATGSTF3, GST16, GSTF3",7,1,0,0,0,0,0
AT2G19800,MIOX2,7,0,1,0,1,1,1
AT2G28960,NA,7,1,0,0,0,0,0
AT2G30750,CYP71A12,7,1,1,0,0,0,0
AT2G31810,NA,7,0,1,0,1,1,0
AT2G33830,NA,7,1,1,1,0,1,1
AT2G34180,"ATWL2, CIPK13, SnRK3.7, WL2",7,0,1,0,0,1,0
AT2G38230,"ATPDX1.1, PDX1.1",7,0,1,1,0,0,0
AT2G38860,"DJ1E, YLS5",7,1,0,0,0,0,0
AT2G39400,NA,7,0,0,1,0,0,1
AT2G39530,NA,7,0,1,0,0,0,0
AT2G39570,ACR9,7,0,1,1,0,1,1
AT2G41100,"ATCAL4, TCH3",7,0,1,0,1,1,0
AT2G43620,NA,7,1,1,0,0,0,0
AT2G44010,NA,7,1,0,0,0,0,0
AT2G44380,NA,7,0,1,1,0,1,1
AT3G06850,"BCE2, DIN3, LTA1",7,1,1,0,1,1,1
AT3G15360,"ATHM4, ATM4, TRX-M4",7,0,1,0,0,0,0
AT3G15450,NA,7,0,1,1,1,1,1
AT3G15630,NA,7,0,1,0,0,1,1
AT3G18250,NA,7,1,1,0,0,0,0
AT3G22060,NA,7,1,1,1,0,1,0
AT3G25882,NIMIN-2,7,1,0,0,0,0,0
AT3G26210,CYP71B23,7,1,0,0,0,0,1
AT3G29160,"AKIN11, ATKIN11, KIN11, SNRK1.2",7,0,0,0,0,1,0
AT3G30775,"AT-POX, ATPDH, ATPOX, ERD5, PDH1, PRO1, PRODH",7,0,1,0,0,1,0
AT3G45050,NA,7,0,1,0,0,0,0
AT3G45410,NA,7,0,1,0,0,0,0
AT3G47050,NA,7,0,1,0,0,0,0
AT3G51340,NA,7,1,1,0,0,1,0
AT3G55150,"ATEXO70H1, EXO70H1",7,0,1,0,0,1,0
AT4G03460,NA,7,0,1,0,1,0,0
AT4G11650,"ATOSM34, OSM34",7,0,1,0,0,0,0
AT4G14365,XBAT34,7,1,1,0,0,0,0
AT4G14746,NA,7,0,1,0,0,0,0
AT4G15310,CYP702A3,7,0,1,0,0,0,0
AT4G18197,"ATPUP7, PEX17, PUP7",7,1,1,0,1,0,0
AT4G18205,NA,7,0,1,0,1,0,0
AT4G22690,CYP706A1,7,1,1,0,0,0,0
AT4G23180,"CRK10, RLK4",7,1,0,0,0,0,0
AT4G23250,"CRK17, DUF26-21, EMB1290, RKC1",7,1,0,0,0,0,0
AT4G25110,"AtMC2, AtMCP1c, MC2, MCP1c",7,1,1,0,0,0,0
AT4G25170,NA,7,1,0,0,0,0,0
AT4G26260,MIOX4,7,1,0,1,0,1,1
AT4G39640,GGT1,7,0,0,1,0,1,0
AT4G39660,AGT2,7,0,1,0,1,1,1
AT5G03350,NA,7,0,0,0,0,0,1
AT5G18670,"BAM9, BMY3",7,0,1,1,1,1,1
AT5G19230,NA,7,0,0,1,0,0,1
AT5G20250,"DIN10, RS6",7,0,1,0,1,1,0
AT5G22920,NA,7,0,1,0,0,1,1
AT5G25260,NA,7,1,0,0,0,0,0
AT5G25440,NA,7,0,1,0,0,0,0
AT5G26740,NA,7,0,0,0,0,1,0
AT5G28770,"AtbZIP63, BZO2H3",7,0,1,0,1,1,1
AT5G38940,NA,7,1,0,0,0,0,0
AT5G40590,NA,7,1,1,0,0,0,0
AT5G43520,NA,7,0,1,1,0,1,1
AT5G44460,CML43,7,0,1,0,0,0,0
AT5G44572,NA,7,0,1,0,0,0,0
AT5G44580,NA,7,1,0,0,0,0,0
AT5G44990,NA,7,1,0,0,0,0,0
AT5G45000,NA,7,0,1,0,0,0,0
AT5G48430,NA,7,1,1,1,0,1,0
AT5G54710,NA,7,1,1,0,0,0,0
AT5G54720,NA,7,1,0,0,0,0,0
AT5G56550,"ATOXS3, OXS3",7,0,0,1,1,1,0
AT5G58650,PSY1,7,1,1,0,1,0,0
AT5G64120,NA,7,1,0,0,0,0,0
AT5G65690,"PCK2, PEPCK",7,0,1,1,1,1,0
AT1G03070,NA,8,1,0,0,1,0,0
AT1G04990,NA,8,1,0,0,0,0,0
AT1G05810,"ARA, ARA-1, ATRAB11D, ATRABA5E, RABA5E",8,0,0,0,1,0,0
AT1G08340,NA,8,1,0,0,1,0,0
AT1G20030,NA,8,0,0,0,1,0,0
AT1G23040,NA,8,1,0,0,1,0,0
AT1G26720,NA,8,0,0,0,1,0,0
AT1G49900,NA,8,0,0,0,1,0,0
AT1G52910,NA,8,0,0,0,1,0,0
AT1G61260,NA,8,0,0,0,1,0,0
AT1G78160,"APUM7, PUM7",8,0,0,0,1,0,0
AT1G78340,"ATGSTU22, GSTU22",8,0,0,0,1,0,0
AT1G80760,"NIP6, NIP6;1, NLM7",8,0,0,0,1,0,0
AT2G27440,NA,8,0,0,0,1,0,0
AT2G30560,NA,8,1,0,0,1,0,0
AT3G02910,NA,8,0,0,0,1,0,0
AT3G15030,"MEE35, TCP4",8,0,0,0,1,0,0
AT3G22810,NA,8,0,0,0,1,0,0
AT3G46080,NA,8,1,1,0,1,0,0
AT3G48580,XTH11,8,1,0,0,1,0,0
AT3G52370,FLA15,8,1,1,0,1,0,0
AT3G52440,NA,8,0,0,0,1,0,0
AT4G00750,NA,8,1,0,0,1,0,0
AT4G12410,NA,8,0,0,0,1,0,0
AT4G15150,NA,8,0,0,0,1,0,0
AT4G16380,NA,8,0,0,0,1,0,0
AT4G26890,MAPKKK16,8,1,0,0,1,0,0
AT5G06330,NA,8,0,0,0,1,0,0
AT5G10130,NA,8,1,0,0,1,0,0
AT5G14760,"AO, FIN4",8,0,0,0,1,1,0
AT5G15160,"BHLH134, BNQ2",8,0,0,0,1,0,0
AT5G26960,NA,8,0,0,0,1,0,0
AT5G45880,NA,8,0,0,0,1,0,0
AT5G52510,SCL8,8,1,1,0,1,0,0
AT5G55110,NA,8,1,0,0,1,0,0
AT1G03090,MCCA,9,1,1,0,1,1,1
AT1G03620,NA,9,0,1,0,1,1,0
AT1G08900,NA,9,1,0,0,1,0,0
AT1G10340,NA,9,0,0,0,0,1,1
AT1G11530,"ATCXXS1, CXXS1",9,0,1,1,0,1,0
AT1G13480,NA,9,0,0,0,0,1,0
AT1G16110,WAKL6,9,0,0,1,0,1,1
AT1G18270,NA,9,1,0,1,0,1,0
AT1G25460,NA,9,0,0,0,1,0,0
AT1G25530,NA,9,0,0,0,1,0,0
AT1G30820,NA,9,1,1,0,1,1,0
AT1G35625,NA,9,0,1,0,0,0,0
AT1G36622,NA,9,0,0,0,0,1,0
AT1G49860,"ATGSTF14, GSTF14",9,1,0,0,0,1,0
AT1G54890,NA,9,1,1,0,1,1,0
AT1G61420,NA,9,1,0,0,0,0,0
AT1G62580,NOGC1,9,1,0,0,0,0,0
AT1G68470,NA,9,0,1,0,0,0,0
AT1G80590,"ATWRKY66, WRKY66",9,1,0,0,0,0,0
AT2G13360,"AGT, AGT1, SGAT",9,1,0,1,1,1,1
AT2G14170,ALDH6B2,9,1,1,0,1,1,0
AT2G19810,"AtOZF1, AtTZF2, OZF1, TZF2",9,0,0,0,0,1,1
AT2G25900,"ATCTH, ATTZF1",9,0,0,0,1,1,1
AT2G28940,NA,9,0,0,0,1,0,0
AT2G30600,NA,9,0,0,0,1,1,0
AT2G39000,NA,9,0,0,0,1,0,0
AT2G41810,NA,9,1,1,1,1,1,0
AT2G43140,NA,9,0,1,0,0,0,0
AT2G44370,NA,9,0,1,1,0,1,0
AT2G47400,"CP12, CP12-1",9,0,1,0,0,0,0
AT2G47550,NA,9,0,0,1,0,0,0
AT3G09780,"ATCRR1, CCR1",9,0,0,0,1,0,0
AT3G19930,"ATSTP4, STP4",9,0,0,0,0,1,0
AT3G20110,CYP705A20,9,1,1,0,1,1,1
AT3G20360,NA,9,1,1,0,1,0,0
AT3G23700,NA,9,1,0,0,1,0,0
AT3G27950,NA,9,0,0,0,0,1,0
AT3G29240,NA,9,0,1,0,0,0,0
AT3G45330,NA,9,0,0,0,0,1,0
AT3G46690,NA,9,0,0,0,0,1,1
AT3G50470,"HR3, MLA10",9,1,1,0,0,1,0
AT3G54420,"ATCHITIV, ATEP3, CHIV, EP3",9,0,1,0,0,0,0
AT4G04040,MEE51,9,0,1,0,1,1,0
AT4G26800,NA,9,0,0,0,1,0,0
AT4G28703,NA,9,0,1,0,1,1,1
AT4G36670,"AtPLT6, AtPMT6, PLT6, PMT6",9,1,1,1,1,1,1
AT5G06740,NA,9,1,1,0,0,0,0
AT5G14910,NA,9,0,1,0,1,0,0
AT5G17960,NA,9,0,0,1,1,1,0
AT5G24110,"ATWRKY30, WRKY30",9,1,0,0,0,0,0
AT5G24230,NA,9,0,0,0,0,1,0
AT5G24270,"ATSOS3, CBL4, SOS3",9,0,1,0,0,1,0
AT5G24490,NA,9,1,1,1,1,1,1
AT5G25910,"AtRLP52, RLP52",9,0,0,0,1,0,0
AT5G36930,NA,9,1,0,0,1,0,0
AT5G44582,NA,9,1,1,0,0,1,0
AT5G44585,NA,9,0,1,0,1,1,0
AT5G44900,NA,9,0,0,0,1,0,0
AT5G46040,NA,9,0,1,1,0,1,0
AT5G48620,NA,9,1,0,0,0,0,0
AT5G57655,NA,9,0,1,0,0,1,0
AT5G59240,NA,9,0,0,0,1,0,0
AT5G60270,NA,9,0,0,0,0,0,1
AT5G61440,ACHT5,9,0,1,1,1,1,1
AT1G02280,"ATTOC33, PPI1, TOC33",10,0,0,0,1,0,0
AT1G03100,NA,10,0,0,0,1,0,0
AT1G03530,"ATNAF1, NAF1",10,1,0,0,1,0,0
AT1G07650,NA,10,1,0,0,0,0,0
AT1G11420,"ATDUF2, DUF2",10,0,0,0,1,0,0
AT1G22980,NA,10,0,0,0,1,0,0
AT1G29170,"ATSCAR3, SCAR3, WAVE2",10,0,0,0,1,0,0
AT1G51380,NA,10,0,0,0,1,0,0
AT1G53200,NA,10,0,0,0,1,0,0
AT1G55040,NA,10,0,0,0,1,0,0
AT1G59990,"EMB3108, RH22",10,1,0,0,1,0,0
AT1G60850,"AAC42, ATRPAC42",10,0,0,0,1,0,0
AT1G79220,NA,10,1,0,0,1,0,0
AT2G03505,NA,10,1,1,0,1,0,0
AT2G03770,NA,10,0,0,0,1,0,0
AT2G24120,"PDE319, SCA3",10,0,0,0,1,0,0
AT2G28000,"CH-CPN60A, CPN60A, Cpn60alpha1, SLP",10,0,0,0,1,0,0
AT2G33680,NA,10,0,0,0,1,0,0
AT2G34450,NA,10,0,0,0,1,0,0
AT2G36340,NA,10,1,1,0,1,0,0
AT2G44020,NA,10,0,0,0,1,0,0
AT3G12860,NA,10,1,1,0,1,0,0
AT3G13230,NA,10,1,1,0,1,0,0
AT3G15357,NA,10,1,1,0,1,0,0
AT3G15590,NA,10,0,0,0,1,0,0
AT3G20540,"POLGAMMA1, PolIB",10,1,0,0,1,0,0
AT3G23330,NA,10,0,0,0,1,0,0
AT3G49240,emb1796,10,0,0,0,1,0,0
AT3G49990,NA,10,0,0,0,1,0,0
AT3G57350,NA,10,1,0,0,1,0,0
AT3G63510,NA,10,0,0,0,1,0,0
AT4G11400,NA,10,0,0,0,1,0,0
AT4G15770,NA,10,1,1,0,1,0,0
AT4G19130,NA,10,0,0,0,1,0,0
AT4G25730,NA,10,1,0,0,1,0,0
AT4G33220,"ATPME44, PME44",10,1,0,0,0,0,0
AT4G33470,"ATHDA14, HDA14",10,0,0,0,1,0,0
AT5G01445,NA,10,1,0,0,1,0,0
AT5G05640,NA,10,0,1,0,1,0,0
AT5G09540,NA,10,0,0,0,1,0,0
AT5G14050,NA,10,0,0,0,1,0,0
AT5G27990,NA,10,0,1,0,0,0,0
AT5G38290,NA,10,0,1,0,1,0,0
AT5G44650,"AtCEST, CEST, Y3IP1",10,0,0,0,1,0,0
AT5G46580,NA,10,0,0,0,1,0,0
AT5G50150,NA,10,0,0,0,1,0,0
AT5G56780,"ATET2, ET2",10,0,1,0,0,0,0
AT5G60840,NA,10,0,1,0,0,0,0
AT5G62990,emb1692,10,0,0,0,1,0,0
AT1G03600,PSB27,11,1,1,0,0,0,0
AT1G06135,NA,11,0,0,0,1,0,0
AT1G25400,NA,11,1,0,0,0,0,0
AT1G49032,NA,11,1,0,0,0,0,0
AT1G72600,NA,11,1,0,0,0,0,0
AT1G80180,NA,11,0,0,0,1,0,0
AT2G01890,"ATPAP8, PAP8",11,1,0,0,1,0,0
AT2G31945,NA,11,1,0,0,0,0,0
AT2G32150,NA,11,0,0,1,0,0,0
AT2G35270,GIK,11,0,0,0,1,0,0
AT2G46430,"ATCNGC3, CNGC3, CNGC3.C",11,1,0,0,0,0,0
AT3G04720,"HEL, PR-4, PR4",11,0,0,0,1,0,0
AT3G06433,NA,11,0,0,0,1,0,0
AT3G15210,"ATERF-4, ATERF4, ERF4, RAP2.5",11,0,0,0,1,0,0
AT3G16690,"AtSWEET16, SWEET16",11,0,1,0,0,0,0
AT3G25870,NA,11,1,0,0,1,0,0
AT3G60140,"BGLU30, DIN2, SRG2",11,0,0,1,0,0,1
AT3G61060,"AtPP2-A13, PP2-A13",11,0,1,0,1,1,0
AT4G31875,NA,11,1,0,0,0,0,0
AT4G34750,NA,11,1,0,0,0,0,0
AT4G35480,RHA3B,11,0,0,0,1,0,0
AT5G06570,NA,11,0,0,0,1,0,0
AT5G06860,"ATPGIP1, PGIP1",11,1,1,0,1,0,0
AT5G24580,NA,11,0,1,0,0,0,0
AT5G26340,"ATSTP13, MSS1, STP13",11,0,0,0,1,0,0
AT5G47550,NA,11,1,0,0,0,0,0
AT5G50200,"ATNRT3.1, NRT3.1, WR3",11,0,1,1,0,1,1
AT5G60680,NA,11,0,0,0,1,0,0
AT1G02530,"ABCB12, PGP12",12,0,0,0,1,0,0
AT1G04180,YUC9,12,1,0,0,1,0,0
AT1G04610,YUC3,12,1,0,0,1,0,0
AT1G06090,NA,12,1,0,0,1,0,0
AT1G08920,ESL1,12,1,0,0,1,0,0
AT1G09157,NA,12,0,0,0,1,0,0
AT1G27080,NRT1.6,12,0,0,0,1,0,0
AT1G27110,NA,12,0,0,0,1,0,0
AT1G33280,"ANAC015, BRN1, NAC015",12,0,0,0,1,0,0
AT1G35140,"EXL1, PHI-1",12,1,0,0,0,0,0
AT1G51260,LPAT3,12,1,1,0,1,0,0
AT1G53700,"PK3AT, WAG1",12,1,0,0,1,0,0
AT1G54010,NA,12,1,0,0,1,0,0
AT1G54530,NA,12,1,0,0,1,0,0
AT1G64310,NA,12,0,1,0,1,0,0
AT1G64320,NA,12,0,1,0,1,0,0
AT1G67740,"PSBY, YCF32",12,0,0,0,1,0,0
AT1G71770,PAB5,12,0,0,0,1,0,0
AT1G72520,"ATLOX4, LOX4",12,1,0,0,1,0,0
AT1G76610,NA,12,0,0,0,1,0,0
AT1G79910,NA,12,1,0,0,1,0,0
AT1G80240,DGR1,12,1,1,1,1,0,0
AT2G14960,GH3.1,12,0,0,0,1,0,0
AT2G16060,"AHB1, ARATH GLB1, ATGLB1, GLB1, HB1, NSHB1",12,1,0,0,1,0,0
AT2G18790,"HY3, OOP1, PHYB",12,0,1,0,0,0,0
AT2G19880,NA,12,1,0,0,0,0,0
AT2G23400,NA,12,0,0,0,1,0,0
AT2G23410,"ACPT, AtcPT3, CPT, cPT3",12,1,0,0,1,0,0
AT2G35770,scpl28,12,0,0,0,1,0,0
AT2G37330,ALS3,12,1,0,0,1,0,0
AT2G37530,NA,12,1,0,0,1,0,0
AT2G37540,NA,12,1,0,0,1,0,0
AT2G37700,NA,12,1,0,0,1,0,0
AT2G41290,SSL2,12,0,0,0,1,0,0
AT2G42170,NA,12,0,0,0,1,0,0
AT2G46710,ROPGAP3,12,0,0,0,1,0,0
AT3G03500,NA,12,1,0,0,1,0,0
AT3G03910,GDH3,12,0,0,0,1,0,0
AT3G05430,NA,12,0,0,0,1,0,0
AT3G05630,"PDLZ2, PLDP2, PLDZETA2",12,1,1,0,1,0,0
AT3G05640,NA,12,1,0,0,1,0,0
AT3G06460,NA,12,1,0,0,1,0,0
AT3G11370,NA,12,0,0,0,1,0,0
AT3G11720,NA,12,0,0,0,1,0,0
AT3G16500,"IAA26, PAP1",12,0,0,0,1,0,0
AT3G20160,NA,12,1,0,0,1,0,0
AT3G20460,NA,12,1,0,0,1,0,0
AT3G23410,"ATFAO3, FAO3",12,1,0,0,0,0,0
AT3G26060,"ATPRX Q, PRXQ",12,0,1,0,0,0,0
AT3G28390,"ABCB18, PGP18",12,0,1,0,1,0,0
AT3G45970,"ATEXLA1, ATEXPL1, ATHEXP BETA 2.1, EXLA1, EXPL1",12,0,0,0,1,0,0
AT3G48280,CYP71A25,12,1,0,0,1,0,0
AT3G49190,NA,12,1,0,0,1,0,0
AT3G55930,NA,12,0,0,0,1,0,0
AT3G57020,NA,12,1,0,0,0,0,0
AT3G60610,NA,12,0,0,0,1,0,0
AT3G62850,NA,12,0,0,0,1,0,0
AT4G00400,"AtGPAT8, GPAT8",12,1,0,0,1,0,0
AT4G02130,"GATL6, LGT10",12,0,0,0,1,0,0
AT4G04460,NA,12,1,0,0,1,0,0
AT4G10350,"ANAC070, BRN2, NAC070",12,1,0,0,0,0,0
AT4G12980,NA,12,1,0,0,0,0,0
AT4G14940,"AO1, ATAO1",12,1,0,0,1,0,0
AT4G19030,"AT-NLM1, ATNLM1, NIP1;1, NLM1",12,1,0,0,1,0,0
AT4G19460,NA,12,1,0,0,1,0,0
AT4G23070,"ATRBL7, RBL7",12,0,0,0,1,0,0
AT4G26140,BGAL12,12,0,1,0,1,0,0
AT4G26440,"ATWRKY34, MSP3, WRKY34",12,0,0,0,1,0,0
AT4G27260,"GH3.5, WES1",12,0,0,0,1,0,0
AT4G31910,"BAT1, PIZ",12,0,0,0,1,0,0
AT4G32440,NA,12,0,0,0,1,0,0
AT5G04970,NA,12,0,0,0,1,0,0
AT5G12940,NA,12,0,0,0,1,0,0
AT5G15940,NA,12,1,0,0,1,0,0
AT5G16230,NA,12,1,0,0,1,0,0
AT5G23210,SCPL34,12,0,0,0,1,0,0
AT5G24070,NA,12,1,0,0,1,0,0
AT5G24280,GMI1,12,1,0,0,1,0,0
AT5G39930,CLPS5,12,0,0,0,1,0,0
AT5G50950,FUM2,12,0,0,0,1,0,0
AT5G57685,"ATGDU3, GDU3, LSB1",12,1,0,0,1,0,0
AT5G57800,"CER3, FLP1, WAX2, YRE",12,0,0,0,1,0,0
AT5G58784,NA,12,1,0,0,1,0,0
AT5G60530,NA,12,0,0,0,1,0,0
AT5G64870,NA,12,0,0,0,1,0,0
AT5G66280,GMD1,12,1,0,0,1,0,0
AT1G04870,"ATPRMT10, PRMT10",13,1,0,0,0,0,0
AT1G05200,"ATGLR3.4, GLR3.4, GLUR3",13,0,1,0,1,0,0
AT1G07070,NA,13,1,1,0,0,0,0
AT1G07300,NA,13,1,0,0,0,0,0
AT1G09190,NA,13,0,1,0,0,0,0
AT1G09750,NA,13,0,0,0,1,0,0
AT1G13820,NA,13,1,0,0,0,0,0
AT1G16280,"AtRH36, RH36, SWA3",13,1,0,0,0,0,0
AT1G22570,NA,13,0,0,0,1,0,0
AT1G28010,"ABCB14, ATABCB14, MDR12, PGP14",13,0,0,0,1,0,0
AT1G32380,PRS2,13,0,0,0,0,0,1
AT1G48300,DGAT3,13,0,0,1,1,1,1
AT1G49820,"ATMTK, MTK, MTK1",13,0,0,0,0,0,1
AT1G63780,IMP4,13,1,0,0,0,0,0
AT1G65370,NA,13,0,0,0,1,0,0
AT1G65620,AS2,13,0,0,0,1,0,0
AT1G71120,GLIP6,13,1,0,0,0,0,0
AT1G73120,NA,13,0,0,0,1,0,0
AT1G78710,TBL42,13,0,0,0,1,0,0
AT2G02750,NA,13,1,0,0,0,0,0
AT2G18850,NA,13,0,0,0,1,0,0
AT2G19590,"ACO1, ATACO1",13,0,0,0,1,0,0
AT2G23060,NA,13,0,0,0,1,0,0
AT2G23100,NA,13,1,0,0,0,0,0
AT2G25060,"AtENODL14, ENODL14",13,1,0,0,0,0,0
AT2G28790,NA,13,0,1,0,0,0,0
AT2G30660,NA,13,1,0,0,1,1,0
AT2G31345,NA,13,0,0,0,1,0,0
AT2G34080,NA,13,1,0,0,1,0,0
AT2G37710,RLK,13,0,0,0,1,0,0
AT3G03090,"AtVGT1, VGT1",13,0,1,0,0,0,0
AT3G06890,NA,13,0,0,0,1,0,0
AT3G15130,NA,13,1,0,0,0,0,0
AT3G16490,IQD26,13,1,0,0,0,0,0
AT3G17712,NA,13,0,1,0,0,0,0
AT3G18930,NA,13,0,0,0,1,0,0
AT3G19440,NA,13,1,1,0,1,0,0
AT3G19508,NA,13,1,0,0,0,0,0
AT3G27880,NA,13,0,0,0,1,0,0
AT3G48250,BIR6,13,0,1,0,1,0,0
AT3G50740,UGT72E1,13,0,0,0,1,0,0
AT3G51600,LTP5,13,1,0,0,0,0,0
AT3G56360,NA,13,0,0,0,1,1,1
AT3G56990,EDA7,13,1,0,0,0,0,0
AT3G58060,NA,13,0,0,0,1,0,0
AT3G59440,NA,13,0,0,0,1,0,0
AT4G01995,NA,13,1,0,0,0,0,0
AT4G02330,"AtPME41, ATPMEPCRB, PME41",13,1,1,1,1,1,1
AT4G10420,NA,13,1,0,0,0,0,0
AT4G14050,NA,13,1,0,0,1,0,0
AT4G16765,NA,13,1,0,0,1,0,0
AT4G25640,"ATDTX35, DTX35, FFT",13,0,0,0,0,1,1
AT4G36950,MAPKKK21,13,0,0,0,1,0,0
AT4G37170,NA,13,1,0,0,0,0,0
AT5G01110,NA,13,0,0,0,1,0,0
AT5G01900,"ATWRKY62, WRKY62",13,0,0,0,0,1,0
AT5G05240,NA,13,0,0,0,0,0,1
AT5G14160,NA,13,0,0,0,1,0,0
AT5G14920,NA,13,0,0,0,1,0,1
AT5G18170,GDH1,13,0,0,1,1,1,1
AT5G26820,"ATIREG3, IREG3, IREG3, MAR1, RTS3",13,0,0,0,0,0,1
AT5G38200,NA,13,1,1,0,1,1,1
AT5G38780,NA,13,0,1,0,0,0,0
AT5G39680,EMB2744,13,1,0,0,0,0,0
AT5G55920,OLI2,13,1,0,0,1,0,0
AT5G57590,BIO1,13,1,0,0,0,0,0
AT5G58670,"ATPLC, ATPLC1, PLC1, PLC1",13,1,0,0,1,0,0
AT5G62165,"AGL42, FYF",13,0,0,0,1,0,0
AT5G67160,EPS1,13,0,0,0,1,0,0
AT1G04710,"KAT1, PKT4",14,0,0,0,1,0,0
AT1G04945,NA,14,1,0,0,1,0,0
AT1G06710,NA,14,1,0,0,0,0,0
AT1G11130,"SCM, SRF9, SUB",14,0,0,0,1,0,0
AT1G15440,"ATPWP2, PWP2",14,1,0,0,0,0,0
AT1G16480,NA,14,1,0,0,0,0,0
AT1G18485,NA,14,0,1,0,0,0,0
AT1G21650,SECA2,14,1,0,0,1,0,0
AT1G24290,NA,14,1,0,0,0,0,0
AT1G26730,NA,14,0,0,0,1,0,0
AT1G29940,NRPA2,14,0,0,0,1,0,0
AT1G30290,NA,14,1,0,0,0,0,0
AT1G48920,"ATNUC-L1, NUC-L1, PARL1",14,1,0,0,1,0,0
AT1G60770,NA,14,1,0,0,1,0,0
AT1G61390,NA,14,0,1,0,0,0,0
AT1G63810,NA,14,0,0,0,1,0,0
AT1G72440,"EDA25, SWA2",14,1,0,0,1,0,0
AT1G77550,NA,14,1,0,0,1,0,0
AT1G79490,EMB2217,14,1,0,0,1,0,0
AT2G05120,NA,14,0,0,0,1,0,0
AT2G13600,SLO2,14,0,0,0,1,0,0
AT2G17140,NA,14,1,0,0,0,0,0
AT2G34357,NA,14,1,0,0,1,0,0
AT2G36980,NA,14,0,0,0,1,0,0
AT2G47300,POP1,14,0,0,0,1,0,0
AT3G06530,NA,14,1,0,0,0,0,0
AT3G11964,NA,14,1,0,0,1,0,0
AT3G16260,TRZ4,14,1,0,0,1,0,0
AT3G18730,"BRU1, MGO3, TSK",14,0,0,0,1,0,0
AT3G21540,NA,14,1,0,0,1,0,0
AT3G49410,NA,14,1,0,0,1,0,0
AT3G49725,NA,14,1,0,0,0,0,0
AT3G52140,"FMT, NOXY38",14,0,0,0,1,0,0
AT3G57660,NRPA1,14,1,0,0,0,0,0
AT3G57940,NA,14,1,0,0,1,0,0
AT3G63370,OTP86,14,0,0,0,1,0,0
AT3G66652,NA,14,0,0,0,1,0,0
AT4G00930,CIP4.1,14,0,0,0,1,0,0
AT4G04670,NA,14,1,0,0,1,0,0
AT4G04940,NA,14,1,0,0,1,0,0
AT4G09730,RH39,14,0,0,0,1,0,0
AT4G12750,NA,14,1,0,0,1,0,0
AT4G13650,NA,14,1,0,0,0,0,0
AT4G15730,NA,14,1,0,0,1,0,0
AT4G17610,NA,14,0,0,0,1,0,0
AT4G20940,GHR1,14,0,0,0,1,0,0
AT4G26600,NA,14,1,0,0,1,0,0
AT4G27010,EMB2788,14,0,0,0,1,0,0
AT4G30150,NA,14,1,0,0,1,0,0
AT5G04895,ABO6,14,1,0,0,1,0,0
AT5G05560,EMB2771,14,0,0,0,1,0,0
AT5G14580,NA,14,1,0,0,1,0,0
AT5G15810,NA,14,0,0,0,1,0,0
AT5G20320,"ATDCL4, DCL4",14,0,0,0,1,0,0
AT5G39710,EMB2745,14,1,0,0,0,0,0
AT5G40480,EMB3012,14,0,0,0,1,0,0
AT5G45140,NRPC2,14,1,0,0,1,0,0
AT5G56530,NA,14,1,0,0,1,0,0
AT5G63540,"ATRMI1, BLAP75, RMI1",14,0,0,0,1,0,0
AT5G63700,NA,14,1,0,0,1,0,0
AT5G64420,NA,14,1,0,0,1,0,0
ATCG01020,RPL32,14,0,0,0,1,0,0
AT1G04445,NA,15,0,0,0,1,0,0
AT1G05280,NA,15,1,0,0,1,0,0
AT1G05530,"UGT2, UGT75B2",15,0,0,0,1,0,0
AT1G06350,"ADS4, AtADS4",15,1,0,0,1,1,0
AT1G07280,NA,15,0,0,0,1,1,0
AT1G07290,GONST2,15,1,1,0,1,0,0
AT1G19115,NA,15,0,0,0,1,0,0
AT1G22290,NA,15,0,1,0,0,0,0
AT1G32860,NA,15,1,0,0,1,0,0
AT1G48070,NA,15,1,0,0,1,0,0
AT1G50720,NA,15,1,0,0,1,0,0
AT1G52070,NA,15,1,0,0,1,0,0
AT1G63020,"NRPD1, NRPD1A, POL IVA, SDE4, SMD2",15,0,0,0,1,0,0
AT1G64930,CYP89A7,15,1,1,0,1,1,0
AT1G68825,"DVL5, RTFL15",15,1,0,0,1,0,0
AT1G71110,NA,15,0,1,0,1,0,0
AT1G74110,CYP78A10,15,0,0,0,0,1,0
AT1G74330,NA,15,1,0,0,1,0,0
AT1G77200,NA,15,0,0,0,1,0,0
AT1G77760,"GNR1, NIA1, NR1",15,1,1,0,1,1,1
AT1G77920,TGA7,15,1,0,0,1,1,0
AT2G06850,"EXGT-A1, EXT, XTH4",15,1,0,0,1,0,0
AT2G15500,NA,15,0,0,0,1,0,0
AT2G15790,"CYP40, SQN",15,1,0,0,0,0,0
AT2G21590,APL4,15,0,1,0,1,1,0
AT2G23630,sks16,15,1,0,0,1,0,0
AT2G32430,NA,15,1,1,0,0,0,0
AT2G32560,NA,15,1,0,0,1,1,0
AT2G32930,ZFN2,15,1,0,0,1,1,0
AT2G34390,"NIP2;1, NLM4",15,0,1,0,0,0,0
AT2G41380,NA,15,1,1,0,1,1,1
AT3G02110,scpl25,15,1,0,0,1,1,0
AT3G02610,NA,15,0,0,0,1,0,0
AT3G07410,"AtRABA5b, RABA5b",15,0,0,0,1,0,0
AT3G09250,NA,15,1,0,0,0,0,0
AT3G11600,NA,15,0,0,0,1,0,0
AT3G14070,"ATCCX3, CAX9, CCX3",15,0,0,0,1,0,0
AT3G17920,NA,15,0,1,0,0,0,0
AT3G18290,BTS,15,0,0,0,1,1,0
AT3G18950,NA,15,1,0,0,1,0,0
AT3G25730,EDF3,15,0,0,0,1,0,0
AT3G28857,PRE5,15,0,0,0,1,0,0
AT3G46970,"ATPHS2, PHS2",15,0,0,0,1,0,0
AT3G49220,NA,15,0,0,0,1,0,0
AT4G00760,"APRR8, PRR8",15,0,0,0,1,0,0
AT4G12910,scpl20,15,1,0,0,1,0,0
AT4G15393,CYP702A5,15,0,0,0,1,0,0
AT4G16250,PHYD,15,0,1,0,1,0,0
AT4G26560,CBL7,15,0,0,0,1,0,0
AT4G27435,NA,15,0,0,0,1,0,0
AT4G29740,"ATCKX4, CKX4",15,1,0,0,1,1,0
AT4G34480,NA,15,0,0,0,1,0,0
AT4G36350,"ATPAP25, PAP25",15,0,0,0,1,0,0
AT4G37160,sks15,15,1,0,0,1,0,0
AT5G07540,"ATGRP-6, ATGRP16, GRP16",15,0,0,0,0,1,0
AT5G08030,"AtGDPD6, GDPD6",15,0,0,0,1,0,0
AT5G10520,RBK1,15,0,0,0,1,0,0
AT5G15480,NA,15,1,1,0,1,0,0
AT5G15490,UGD3,15,1,0,0,1,0,0
AT5G16240,NA,15,1,0,0,1,0,0
AT5G18220,NA,15,0,1,0,0,0,0
AT5G43890,"SUPER1, YUC5",15,1,1,0,1,0,0
AT5G44670,GALS2,15,1,0,0,1,0,0
AT5G45810,"CIPK19, SnRK3.5",15,1,0,0,1,0,0
AT5G48300,"ADG1, APS1",15,0,0,0,1,0,0
AT5G49665,NA,15,0,0,0,1,0,0
AT5G51470,NA,15,1,1,0,1,0,0
AT5G52882,NA,15,0,1,0,0,0,0
AT5G53500,NA,15,0,1,0,1,0,0
AT5G54510,"DFL1, GH3.6",15,0,0,0,1,0,0
AT5G64401,NA,15,0,0,0,1,0,0
AT5G66690,UGT72E2,15,0,0,0,1,0,0
AT1G05540,NA,16,1,0,0,0,0,0
AT1G26520,NA,16,0,1,0,0,0,0
AT1G31835,NA,16,0,1,0,0,0,0
AT1G32415,NA,16,0,0,0,1,0,0
AT1G33200,NA,16,0,0,0,1,0,0
AT1G74100,"ATSOT16, ATST5A, CORI-7, SOT16",16,1,0,0,0,0,0
AT3G01570,NA,16,0,1,0,0,0,0
AT3G26770,NA,16,1,0,0,0,0,0
AT3G54780,NA,16,1,0,0,0,0,0
AT3G60470,NA,16,0,1,0,0,0,0
AT4G02750,NA,16,0,0,0,1,0,0
AT4G14390,NA,16,0,1,0,0,0,0
AT4G16820,PLA-I{beta]2,16,0,0,0,1,0,0
AT4G29560,NA,16,0,1,0,0,0,0
AT4G31500,"ATR4, CYP83B1, RED1, RNT1, SUR2",16,1,1,0,0,0,0
AT4G38150,NA,16,1,1,0,1,0,0
AT5G57220,CYP81F2,16,1,0,0,0,0,0
AT1G05560,"UGT1, UGT75B1",17,1,1,0,1,0,0
AT1G10160,NA,17,1,1,0,1,1,0
AT1G12780,"ATUGE1, UGE1",17,0,0,0,1,0,0
AT1G17180,"ATGSTU25, GSTU25",17,1,0,0,1,0,0
AT1G22880,"ATCEL5, ATGH9B4, CEL5",17,1,1,0,1,0,0
AT1G28130,GH3.17,17,0,1,0,0,0,0
AT1G35780,NA,17,0,0,0,1,0,0
AT1G44318,hemb2,17,1,0,0,1,0,0
AT1G50060,NA,17,1,0,0,1,1,0
AT1G62570,FMO GS-OX4,17,0,0,0,1,0,0
AT1G63120,"ATRBL2, RBL2",17,1,0,0,1,0,0
AT1G72790,NA,17,0,0,0,1,0,0
AT1G74010,NA,17,0,0,0,1,0,0
AT1G74420,"ATFUT3, FUT3",17,0,0,0,1,0,0
AT1G75370,NA,17,0,1,0,1,0,0
AT1G75960,NA,17,1,1,0,1,0,0
AT1G77000,"ATSKP2;2, SKP2B",17,0,0,0,1,0,0
AT1G79640,NA,17,0,0,0,1,0,0
AT1G80120,NA,17,1,0,0,1,0,0
AT2G21630,NA,17,0,0,0,0,1,0
AT2G22680,WAVH1,17,0,0,0,1,0,0
AT2G30550,NA,17,0,0,0,1,0,0
AT2G32340,NA,17,0,0,0,1,0,0
AT2G45400,BEN1,17,0,0,0,1,0,0
AT3G04330,NA,17,0,0,0,1,0,0
AT3G11325,NA,17,0,0,0,1,0,0
AT3G18230,NA,17,0,0,0,1,0,0
AT3G19430,NA,17,1,0,0,1,1,0
AT3G45010,scpl48,17,1,0,0,1,0,0
AT3G48240,NA,17,1,0,0,1,0,0
AT3G48340,CEP2,17,1,0,0,1,0,0
AT3G55430,NA,17,0,0,0,1,0,0
AT3G56170,"CAN, CAN1",17,0,0,0,1,0,0
AT3G60130,BGLU16,17,0,0,0,1,0,0
AT4G00360,"ATT1, CYP86A2",17,1,0,0,1,0,0
AT4G01870,NA,17,0,0,0,1,0,0
AT4G10500,NA,17,1,0,0,1,1,0
AT4G15280,UGT71B5,17,0,0,0,1,0,0
AT4G17830,NA,17,0,0,0,1,0,0
AT4G23920,"ATUGE2, UGE2",17,1,0,0,1,0,0
AT4G27400,NA,17,1,0,0,1,0,0
AT4G30540,NA,17,0,0,0,1,0,0
AT4G34135,UGT73B2,17,1,1,0,1,0,0
AT5G06320,NHL3,17,0,0,0,1,0,0
AT5G14730,NA,17,0,0,0,1,0,0
AT5G16360,NA,17,0,0,0,1,0,0
AT5G35735,NA,17,1,0,0,1,0,0
AT5G48180,"AtNSP5, NSP5",17,0,0,0,1,0,0
AT5G52050,NA,17,0,0,0,1,0,0
AT5G52410,NA,17,0,1,0,1,0,0
AT5G54370,NA,17,1,0,0,1,0,0
AT5G56980,NA,17,0,0,0,1,0,0
AT5G59820,"AtZAT12, RHL41, ZAT12",17,0,0,0,1,0,0
AT5G61820,NA,17,1,1,0,1,0,0
AT5G64240,"AtMC3, AtMCP1a, MC3, MCP1a",17,1,1,0,1,1,0
AT5G64260,EXL2,17,0,0,0,1,0,0
AT1G04360,NA,18,0,0,0,1,0,0
AT1G04400,"AT-PHH1, ATCRY2, CRY2, FHA, PHH1",18,0,0,0,0,0,1
AT1G05570,"ATGSL06, ATGSL6, CALS1, GSL06, GSL6",18,1,0,0,1,0,0
AT1G13540,NA,18,0,0,0,1,1,0
AT1G15890,NA,18,0,0,0,1,0,0
AT1G30610,"EMB2279, EMB88",18,0,0,0,1,0,0
AT1G30755,NA,18,0,0,0,0,0,1
AT1G32540,LOL1,18,0,0,1,0,1,1
AT1G45230,NA,18,0,0,0,1,0,0
AT1G60000,NA,18,0,0,0,1,1,0
AT1G62770,NA,18,1,1,0,1,1,0
AT1G67400,NA,18,1,0,0,1,0,0
AT1G68590,PSRP3/1,18,0,0,0,1,0,0
AT1G72820,NA,18,0,0,0,1,1,0
AT1G80650,RTL1,18,0,0,0,0,1,0
AT2G05160,NA,18,0,0,1,1,1,1
AT2G06520,PSBX,18,0,1,0,0,0,0
AT2G19970,NA,18,0,0,1,0,1,0
AT2G24580,NA,18,0,0,0,1,0,0
AT2G28080,NA,18,0,0,0,1,0,0
AT2G41090,NA,18,1,1,0,1,0,0
AT2G43890,NA,18,0,0,0,0,0,1
AT2G47450,"CAO, CPSRP43",18,0,0,0,0,1,0
AT3G09210,PTAC13,18,0,1,0,0,0,0
AT3G13450,DIN4,18,1,1,0,1,1,0
AT3G26220,CYP71B3,18,1,0,0,0,0,0
AT3G26710,CCB1,18,1,0,0,1,0,0
AT3G42806,NA,18,1,1,0,1,0,0
AT3G47340,"ASN1, AT-ASN1, DIN6",18,1,1,1,0,1,0
AT3G48390,NA,18,1,0,0,1,0,0
AT4G03480,NA,18,1,0,0,1,1,0
AT4G10170,NA,18,0,0,0,1,0,0
AT4G13500,NA,18,0,0,0,1,0,0
AT4G15233,ABCG42,18,0,0,0,1,0,0
AT4G19985,NA,18,0,0,0,1,0,0
AT4G20362,NA,18,1,1,0,1,0,0
AT4G21120,"AAT1, CAT1",18,0,0,0,0,0,1
AT4G24480,NA,18,0,1,0,0,0,0
AT4G26050,PIRL8,18,1,1,1,1,1,0
AT4G32810,"ATCCD8, CCD8, MAX4",18,1,1,0,0,0,0
AT4G37540,LBD39,18,0,0,0,1,1,1
AT5G14320,EMB3137,18,0,0,0,1,0,0
AT5G41080,"AtGDPD2, GDPD2",18,0,0,0,0,1,0
AT5G42290,NA,18,0,1,0,1,0,0
AT5G44590,NA,18,0,0,0,1,1,0
AT5G46330,FLS2,18,1,0,0,0,0,0
AT5G46650,NA,18,0,0,0,1,0,0
AT5G47250,NA,18,1,0,0,1,0,0
AT5G49360,"ATBXL1, BXL1",18,0,0,0,1,1,1
AT5G51490,NA,18,0,0,0,1,0,0
AT5G51970,NA,18,0,0,0,1,0,0
AT5G53550,"ATYSL3, YSL3",18,0,0,0,0,0,1
AT5G63020,NA,18,0,0,0,0,1,0
AT1G02420,NA,19,0,0,0,1,0,0
AT1G05950,NA,19,1,0,0,1,0,0
AT1G14840,"ATMAP70-4, MAP70-4",19,1,0,0,1,0,0
AT1G21530,NA,19,1,1,0,0,1,0
AT1G29530,NA,19,1,0,0,1,0,0
AT1G29740,NA,19,1,1,0,0,1,0
AT1G33060,"ANAC014, NAC014",19,0,0,0,1,0,0
AT1G33790,NA,19,1,1,0,1,0,0
AT1G48350,EMB3105,19,1,1,0,1,0,0
AT1G52100,NA,19,0,0,0,1,1,1
AT1G58410,NA,19,0,0,0,1,0,0
AT1G61430,NA,19,1,0,0,1,0,0
AT1G62750,"ATSCO1, ATSCO1/CPEF-G, SCO1",19,1,0,0,1,0,0
AT1G62810,CuAO1,19,0,0,0,1,0,0
AT1G64970,"G-TMT, TMT1, VTE4",19,0,0,0,1,0,0
AT1G65120,NA,19,0,0,0,1,0,0
AT1G66250,NA,19,0,0,0,1,0,0
AT1G66930,NA,19,0,0,0,0,1,0
AT1G68020,"ATTPS6, TPS6",19,0,0,0,1,1,0
AT1G72920,NA,19,0,0,0,1,0,0
AT1G76405,NA,19,0,0,0,1,0,0
AT1G77490,TAPX,19,0,0,0,1,0,0
AT1G78860,NA,19,1,0,0,0,0,0
AT1G78955,CAMS1,19,1,0,0,0,0,0
AT2G03240,NA,19,1,1,0,1,0,0
AT2G17525,NA,19,0,0,0,1,0,0
AT2G17820,"AHK1, ATHK1, HK1",19,0,0,0,1,0,0
AT2G28950,"ATEXP6, ATEXPA6, ATHEXP ALPHA 1.8, EXPA6",19,0,0,0,1,0,0
AT2G34750,NA,19,0,0,0,1,0,0
AT2G37450,UMAMIT13,19,1,0,0,1,1,0
AT2G37660,NA,19,1,1,0,1,0,0
AT2G39930,"ATISA1, ISA1",19,0,0,0,1,0,0
AT2G40960,NA,19,0,0,0,1,0,0
AT2G46450,"ATCNGC12, CNGC12",19,0,0,0,1,0,0
AT2G46535,NA,19,1,0,0,0,0,0
AT3G04260,"PDE324, PTAC3",19,1,0,0,1,0,0
AT3G08740,NA,19,0,0,0,1,0,0
AT3G14150,HAOX2,19,0,0,0,1,0,0
AT3G16890,PPR40,19,0,0,0,1,0,0
AT3G28650,NA,19,0,0,0,1,0,0
AT3G28930,AIG2,19,1,0,0,0,0,0
AT3G29185,NA,19,1,0,0,1,0,0
AT3G29776,NA,19,0,0,0,1,0,0
AT3G43920,"ATDCL3, DCL3",19,0,0,0,1,0,0
AT3G44890,RPL9,19,1,1,0,1,0,0
AT3G53460,CP29,19,1,1,0,1,0,0
AT3G54260,TBL36,19,1,1,0,1,1,0
AT3G58940,NA,19,0,0,0,1,0,0
AT3G62030,"CYP20-3, ROC4",19,0,0,0,1,0,0
AT4G14590,emb2739,19,0,0,0,1,0,0
AT4G21410,CRK29,19,0,0,0,1,0,0
AT4G21680,NRT1.8,19,1,1,0,1,1,0
AT4G21880,NA,19,1,0,0,0,0,0
AT4G22760,NA,19,1,0,0,1,0,0
AT4G32970,NA,19,1,0,0,0,0,0
AT4G37920,NA,19,0,0,0,1,0,0
AT4G38160,pde191,19,1,1,0,1,0,0
AT4G39550,NA,19,1,0,0,1,0,0
AT5G02140,NA,19,0,1,0,0,0,0
AT5G08650,NA,19,0,0,0,1,0,0
AT5G14210,NA,19,1,0,0,1,0,0
AT5G14520,NA,19,1,0,0,1,0,0
AT5G20980,"ATMS3, MS3",19,0,0,0,1,0,0
AT5G25380,CYCA2;1,19,0,0,0,1,0,0
AT5G35790,G6PD1,19,0,1,0,1,0,0
AT5G39550,"ORTH1, VIM3",19,0,0,0,1,0,0
AT5G39850,NA,19,0,0,0,1,0,0
AT5G41300,NA,19,0,1,0,0,0,0
AT5G42240,scpl42,19,0,0,0,1,0,0
AT5G43730,NA,19,0,0,0,1,0,0
AT5G49410,NA,19,0,1,0,1,0,0
AT5G50280,EMB1006,19,0,0,0,1,0,0
AT5G54580,NA,19,0,0,0,1,0,0
AT5G56960,NA,19,1,0,0,0,0,0
AT5G63810,"AtBGAL10, BGAL10",19,1,0,0,1,0,0
AT5G66500,NA,19,0,0,0,1,0,0
AT1G02450,"NIMIN-1, NIMIN1",20,0,0,0,1,0,0
AT1G06080,"ADS1, AtADS1",20,1,0,0,1,0,0
AT1G06330,NA,20,1,0,0,1,0,0
AT1G16905,NA,20,0,0,0,1,0,0
AT1G29680,NA,20,0,0,0,1,0,0
AT1G52050,NA,20,0,0,0,1,0,0
AT1G52060,NA,20,1,0,0,1,0,0
AT1G54020,NA,20,0,0,0,1,0,0
AT2G31380,"BBX25, STH",20,0,0,0,1,0,0
AT2G43600,NA,20,1,0,0,0,0,0
AT3G07390,AIR12,20,0,0,0,1,0,0
AT3G18715,IDL4,20,0,0,0,1,0,0
AT3G19680,NA,20,0,0,0,1,0,0
AT3G56060,NA,20,0,0,0,1,0,0
AT4G01700,NA,20,0,0,0,1,0,0
AT4G04700,CPK27,20,0,0,0,1,0,0
AT4G15530,PPDK,20,1,0,0,0,0,0
AT4G17490,"ATERF6, ERF-6-6, ERF6",20,1,0,0,1,0,0
AT4G17500,"ATERF-1, ERF-1",20,0,0,0,1,0,0
AT4G28270,"ATRMA2, RMA2",20,0,0,0,1,0,0
AT4G35180,LHT7,20,0,0,0,1,0,0
AT4G37320,CYP81D5,20,1,0,0,1,0,0
AT5G05730,"AMT1, ASA1, JDL1, TRP5, WEI2",20,0,0,0,1,0,0
AT5G50300,"ATAZG2, AZG2",20,0,0,0,1,0,0
AT1G02640,"ATBXL2, BXL2",21,0,1,0,0,0,0
AT1G06320,NA,21,1,0,0,0,0,0
AT1G11160,NA,21,0,1,0,0,0,0
AT1G14250,NA,21,0,1,0,0,0,0
AT1G27060,NA,21,1,0,0,0,0,0
AT1G30100,"ATNCED5, NCED5",21,1,1,0,1,0,0
AT1G53705,NA,21,1,0,0,0,0,0
AT1G61667,NA,21,0,0,0,1,0,0
AT1G69200,FLN2,21,1,0,0,0,0,0
AT1G76965,NA,21,0,0,0,1,0,0
AT1G78370,"ATGSTU20, GSTU20",21,1,0,0,0,0,0
AT2G16500,"ADC1, ARGDC, ARGDC1, SPE1",21,1,0,0,0,0,0
AT2G28200,NA,21,1,0,0,1,0,0
AT2G28350,ARF10,21,0,0,0,1,0,0
AT2G30220,NA,21,1,0,0,1,0,0
AT2G40470,"ASL11, LBD15",21,1,0,0,1,0,0
AT2G41280,"ATM10, M10",21,0,0,0,1,0,0
AT2G43880,NA,21,1,0,0,0,0,0
AT3G02410,ICME-LIKE2,21,0,1,0,1,0,0
AT3G04140,NA,21,0,1,0,0,0,0
AT3G09270,"ATGSTU8, GSTU8",21,1,0,0,0,0,0
AT3G21890,BBX31,21,1,0,0,1,0,0
AT3G23870,NA,21,1,0,0,1,0,0
AT3G25790,NA,21,1,1,0,1,0,0
AT3G45230,NA,21,1,0,0,1,0,0
AT3G54800,NA,21,0,0,0,1,0,0
AT4G02160,NA,21,1,0,0,1,0,0
AT4G11100,NA,21,1,0,0,0,0,0
AT4G14368,NA,21,0,0,0,1,0,0
AT4G22470,NA,21,1,0,0,1,0,0
AT4G33950,"ATOST1, OST1, P44, SNRK2-6, SNRK2.6, SRK2E",21,1,1,0,1,0,0
AT4G37420,NA,21,1,0,0,0,0,0
AT4G38420,sks9,21,1,0,0,1,0,0
AT5G08780,NA,21,1,0,0,0,0,0
AT5G13870,"EXGT-A4, XTH5",21,0,0,0,1,0,0
AT5G15410,"ATCNGC2, CNGC2, DND1",21,1,0,0,0,0,0
AT5G23530,"AtCXE18, CXE18",21,1,0,0,1,0,0
AT5G24100,NA,21,1,0,0,0,0,0
AT5G38100,NA,21,1,0,0,1,0,0
AT5G43740,NA,21,0,1,0,0,0,0
AT5G49190,"ATSUS2, SSA, SUS2",21,1,0,0,0,0,0
AT5G57010,NA,21,0,0,0,1,0,0
AT5G64330,"JK218, NPH3, RPT3",21,1,0,0,0,0,0
AT5G66840,NA,21,1,0,0,0,0,0
ATCG00770,RPS8,21,1,0,0,1,0,0
ATCG00780,RPL14,21,1,0,0,1,0,0
ATCG01010,NDHF,21,0,0,0,1,0,0
AT1G01180,NA,22,0,0,0,1,0,0
AT1G02580,"EMB173, FIS1, MEA, SDG5",22,0,1,0,0,0,0
AT1G06650,NA,22,1,1,0,0,0,0
AT1G08310,NA,22,0,0,0,1,0,0
AT1G10460,GLP7,22,0,0,0,1,0,0
AT1G10480,ZFP5,22,1,0,0,1,0,0
AT1G12610,DDF1,22,1,0,0,1,0,0
AT1G15180,NA,22,0,0,0,0,0,1
AT1G15670,NA,22,0,0,0,1,0,0
AT1G18835,MIF3,22,0,0,0,1,0,0
AT1G20630,CAT1,22,0,1,0,0,0,1
AT1G21550,NA,22,0,0,0,0,0,1
AT1G22330,NA,22,1,0,0,0,0,0
AT1G23210,"AtGH9B6, GH9B6",22,0,0,0,1,0,0
AT1G26820,RNS3,22,1,0,0,1,0,0
AT1G28470,"ANAC010, NAC010, SND3",22,1,0,0,1,0,0
AT1G32470,NA,22,0,0,0,1,0,0
AT1G37130,"ATNR2, B29, CHL3, NIA2, NIA2-1, NR, NR2",22,1,1,0,1,0,0
AT1G55240,NA,22,1,0,0,1,0,0
AT1G60140,"ATTPS10, TPS10, TPS10",22,0,0,0,0,0,1
AT1G66480,NA,22,0,0,0,1,0,0
AT1G70850,MLP34,22,0,0,0,0,0,1
AT1G74020,SS2,22,1,0,0,1,0,0
AT1G74360,NA,22,0,1,0,0,0,0
AT2G01008,NA,22,0,0,0,0,0,1
AT2G01300,NA,22,1,0,0,1,0,0
AT2G05710,ACO3,22,0,0,0,0,0,1
AT2G07696,NA,22,0,1,0,0,0,0
AT2G18980,NA,22,1,0,0,0,0,0
AT2G20970,NA,22,0,0,0,1,0,0
AT2G27930,NA,22,1,0,0,1,0,0
AT2G38060,PHT4;2,22,1,1,0,1,0,0
AT2G38480,NA,22,1,0,0,0,0,0
AT2G39040,NA,22,1,0,0,1,0,0
AT2G42890,"AML2, ML2",22,0,0,0,1,0,0
AT2G43690,NA,22,0,0,0,1,0,0
AT3G01490,NA,22,0,0,0,1,0,0
AT3G04060,"anac046, NAC046",22,0,0,0,1,0,0
AT3G13677,NA,22,0,1,0,0,0,0
AT3G14170,NA,22,0,0,0,1,0,0
AT3G14770,"AtSWEET2, SWEET2",22,1,0,0,1,0,0
AT3G15540,"IAA19, MSG2",22,0,0,0,1,0,0
AT3G16220,NA,22,0,0,0,1,0,0
AT3G19580,"AZF2, ZF2",22,0,0,0,1,0,0
AT3G22740,HMT3,22,0,0,0,1,0,0
AT3G26580,NA,22,1,0,0,0,0,0
AT3G29430,NA,22,1,0,0,0,0,0
AT3G41762,NA,22,0,0,0,0,0,1
AT3G45060,"ATNRT2.6, NRT2.6",22,1,1,1,0,1,1
AT3G47400,NA,22,1,0,0,1,0,0
AT3G49820,NA,22,0,0,0,1,0,0
AT3G55840,NA,22,0,0,0,1,0,0
AT3G55990,"ESK1, TBL29",22,1,1,1,0,1,0
AT3G58720,NA,22,1,0,0,0,0,0
AT3G58850,"HLH2, PAR2",22,1,0,0,0,0,0
AT4G08390,SAPX,22,0,0,0,1,1,1
AT4G11470,CRK31,22,1,1,0,0,0,0
AT4G13890,"EDA36, EDA37, SHM5",22,1,0,0,1,0,0
AT4G15160,NA,22,1,0,0,1,0,1
AT4G25310,NA,22,0,0,0,1,0,0
AT4G25700,"B1, BCH1, BETA-OHASE 1, chy1",22,0,0,0,1,0,0
AT4G26200,"ACS7, ATACS7",22,1,0,0,1,0,0
AT4G28940,NA,22,1,0,0,0,0,0
AT4G29050,NA,22,1,0,0,0,0,0
AT4G34138,UGT73B1,22,1,1,0,0,0,0
AT4G35440,"ATCLC-E, CLC-E, CLCE",22,0,0,0,1,1,1
AT4G36050,NA,22,0,1,0,1,1,1
AT5G01220,SQD2,22,1,0,0,1,0,0
AT5G03510,NA,22,1,0,0,1,0,0
AT5G20045,NA,22,1,0,0,1,0,0
AT5G20700,NA,22,1,0,0,1,0,0
AT5G37485,NA,22,1,1,0,0,0,0
AT5G37760,NA,22,1,1,0,1,0,0
AT5G40470,NA,22,1,0,0,0,0,0
AT5G40510,NA,22,0,0,0,0,1,1
AT5G44610,"MAP18, PCAP2",22,1,0,0,1,0,0
AT5G45410,NA,22,0,0,0,0,0,1
AT5G46080,NA,22,1,0,0,1,0,0
AT5G48000,"CYP708 A2, CYP708A2, THAH, THAH1",22,1,0,0,0,0,0
AT5G48010,"AtTHAS1, THAS, THAS1",22,1,0,0,0,0,0
AT5G53250,"AGP22, ATAGP22",22,1,0,0,1,0,0
AT5G59530,NA,22,1,0,0,0,0,0
ATMG01390,RRN18,22,0,0,0,1,0,0
AT1G06720,NA,23,1,0,0,1,0,0
AT1G10490,NA,23,1,0,0,0,0,0
AT1G23935,NA,23,1,0,0,1,0,0
AT1G26760,"ATXR1, SDG35",23,1,0,0,0,0,0
AT1G30680,NA,23,0,0,0,1,0,0
AT1G34570,NA,23,1,0,0,1,0,0
AT1G47670,NA,23,1,0,0,1,0,0
AT1G56110,NOP56,23,1,0,0,0,0,0
AT1G63250,NA,23,1,0,0,0,0,0
AT1G73590,"ATPIN1, PIN1",23,0,1,0,0,0,0
AT1G79150,NA,23,1,0,0,1,0,0
AT1G80270,PPR596,23,0,0,0,1,0,0
AT2G02150,EMB2794,23,0,0,0,1,0,0
AT2G16570,"ASE1, ATASE, ATASE1",23,1,0,0,1,0,0
AT2G17250,EMB2762,23,0,0,0,1,0,0
AT2G18220,NA,23,1,0,0,0,0,0
AT2G18900,NA,23,1,0,0,1,0,0
AT2G20815,QWRF3,23,0,1,0,0,0,0
AT2G40700,NA,23,1,0,0,1,0,0
AT2G42130,NA,23,1,0,0,0,0,0
AT3G05060,NA,23,1,0,0,1,0,0
AT3G07050,NSN1,23,0,0,0,1,0,0
AT3G10050,OMR1,23,1,0,0,1,0,0
AT3G10530,NA,23,1,0,0,0,0,0
AT3G13860,HSP60-3A,23,0,0,0,1,0,0
AT3G13940,NA,23,1,0,0,1,0,0
AT3G18600,NA,23,1,0,0,1,0,0
AT3G25690,"AtCHUP1, CHUP1",23,0,0,0,1,0,0
AT3G28640,NA,23,1,0,0,0,0,0
AT3G44750,"ATHD2A, HD2A, HDA3, HDT1",23,1,1,0,1,0,0
AT3G52170,NA,23,1,0,0,1,0,0
AT4G05440,EDA35,23,1,0,0,0,0,0
AT4G09160,NA,23,1,0,0,0,0,0
AT4G10620,NA,23,0,0,0,1,0,0
AT4G16630,NA,23,1,0,0,0,0,0
AT4G28410,NA,23,1,0,0,0,0,0
AT4G34910,NA,23,1,0,0,0,0,0
AT5G06550,NA,23,1,0,0,1,0,0
AT5G12220,NA,23,1,0,0,0,0,0
AT5G15300,NA,23,1,0,0,1,0,0
AT5G15550,NA,23,1,0,0,0,0,0
AT5G16930,NA,23,1,0,0,1,0,0
AT5G43990,"SDG18, SUVR2",23,1,0,0,0,0,0
AT5G56500,Cpn60beta3,23,1,0,0,1,0,0
AT5G61030,GR-RBP3,23,1,0,0,1,0,0
AT1G02890,NA,24,0,1,0,1,0,0
AT1G04160,"ATXIB, XI-8, XI-B, XIB",24,0,1,0,0,0,0
AT1G05960,NA,24,0,1,0,0,0,0
AT1G07180,"ATNDI1, NDA1",24,1,1,0,1,0,0
AT1G10155,"ATPP2-A10, PP2-A10",24,1,1,0,1,1,0
AT1G11350,"CBRLK1, RKS2, SD1-13",24,0,1,0,0,0,0
AT1G12775,NA,24,0,1,0,0,0,0
AT1G15520,"ABCG40, ATABCG40, ATPDR12, PDR12",24,0,1,0,1,0,0
AT1G17100,"AtHBP1, HBP1",24,0,1,0,0,0,0
AT1G17360,NA,24,0,1,0,0,0,0
AT1G17580,"ATMYA1, MYA1, XI-1",24,0,1,0,0,0,0
AT1G18990,NA,24,0,1,0,0,1,0
AT1G22930,NA,24,0,1,0,0,0,0
AT1G23450,NA,24,0,1,0,0,0,0
AT1G23460,NA,24,0,1,0,0,0,0
AT1G28440,HSL1,24,0,1,0,0,0,0
AT1G34260,FAB1D,24,0,1,0,0,0,0
AT1G58520,RXW8,24,1,1,0,0,0,0
AT1G61140,EDA16,24,0,1,0,0,0,0
AT1G63490,NA,24,0,1,0,0,0,0
AT1G64561,NA,24,0,1,0,0,0,0
AT1G67855,NA,24,0,0,0,1,0,0
AT1G69360,NA,24,0,1,0,0,0,0
AT1G69540,AGL94,24,0,0,0,1,0,0
AT1G72700,NA,24,0,1,0,0,0,0
AT2G19920,NA,24,0,1,0,0,0,0
AT2G33240,"ATXID, XID",24,0,1,0,0,0,0
AT2G42270,NA,24,1,1,0,1,0,0
AT3G03530,NPC4,24,1,0,0,1,0,0
AT3G05780,LON3,24,0,0,0,1,0,0
AT3G13100,"ABCC7, ATMRP7, MRP7, MRP7",24,0,1,0,0,0,0
AT3G22380,TIC,24,0,1,0,0,0,0
AT3G25740,"MAP1B, MAP1C",24,0,1,0,1,1,0
AT3G45420,NA,24,1,0,0,0,0,0
AT3G52250,NA,24,0,1,0,0,0,0
AT3G52810,"ATPAP21, PAP21",24,0,0,0,1,0,0
AT3G53480,"ABCG37, ATPDR9, PDR9, PIS1",24,0,1,0,1,0,0
AT3G58770,NA,24,0,1,0,1,0,0
AT4G03230,NA,24,0,1,0,0,0,0
AT4G14970,NA,24,0,1,0,0,0,0
AT4G15215,"ABCG41, ATPDR13, PDR13",24,0,1,0,0,0,0
AT4G17140,NA,24,0,1,0,0,0,0
AT4G19870,NA,24,0,1,0,0,0,0
AT4G30100,NA,24,0,1,0,0,0,0
AT4G30110,"ATHMA2, HMA2",24,1,1,0,1,0,0
AT4G30830,NA,24,0,1,0,0,0,0
AT4G30845,NA,24,0,1,0,1,0,0
AT4G32670,NA,24,0,1,0,0,0,0
AT4G32920,NA,24,0,1,0,0,0,0
AT4G33150,"LKR, LKR/SDH, SDH",24,0,1,0,1,0,0
AT4G37890,EDA40,24,0,0,0,1,0,0
AT5G01630,"ATBRCA2(V), BRCA2(V), BRCA2B",24,0,1,0,0,0,0
AT5G04235,NA,24,0,1,0,0,0,0
AT5G07380,NA,24,0,0,0,1,0,0
AT5G15660,NA,24,0,1,0,1,1,0
AT5G19097,NA,24,0,1,0,0,0,0
AT5G19360,"AtCPK34, CPK34",24,0,1,0,0,0,0
AT5G19400,SMG7,24,0,1,0,0,0,0
AT5G19410,ABCG23,24,0,1,0,1,0,0
AT5G22130,PNT1,24,0,1,0,0,0,0
AT5G53460,GLT1,24,1,1,0,0,0,0
AT5G60180,"APUM19, PUM19",24,0,1,0,0,0,0
AT5G60380,NA,24,0,0,0,1,0,0
AT5G60700,NA,24,0,1,0,1,0,0
AT1G01580,"ATFRO2, FRD1, FRO2",25,0,1,0,1,1,1
AT1G01780,PLIM2b,25,0,0,0,1,0,0
AT1G05160,"ATKAO1, CYP88A3, KAO1",25,0,0,0,0,1,0
AT1G06450,NA,25,0,0,0,1,0,0
AT1G07590,NA,25,1,1,1,1,1,1
AT1G09790,COBL6,25,0,1,0,1,1,1
AT1G12030,NA,25,1,0,0,1,1,1
AT1G13609,NA,25,0,0,1,1,1,1
AT1G23020,"ATFRO3, FRO3",25,0,0,1,1,1,1
AT1G47395,NA,25,0,0,0,1,1,1
AT1G47400,NA,25,0,0,0,0,1,1
AT1G66760,NA,25,0,0,0,1,0,0
AT1G67340,NA,25,0,0,0,1,1,0
AT1G68880,"AtbZIP, bZIP",25,0,0,0,1,0,0
AT1G72470,"ATEXO70D1, EXO70D1",25,0,0,0,0,1,0
AT1G74770,NA,25,0,1,1,1,1,1
AT1G76620,NA,25,1,1,0,1,1,1
AT1G77270,NA,25,0,1,0,0,0,0
AT1G77280,NA,25,1,1,0,1,1,1
AT2G14247,NA,25,1,1,1,1,1,1
AT2G18520,NA,25,1,1,0,0,0,0
AT2G20710,NA,25,1,0,0,0,0,0
AT2G30766,NA,25,0,0,0,0,1,1
AT2G31940,NA,25,0,0,0,1,0,0
AT2G32990,"AtGH9B8, GH9B8",25,0,0,1,0,1,1
AT2G33580,LYK5,25,0,0,0,1,0,0
AT2G41240,BHLH100,25,0,0,0,1,1,1
AT3G07720,NA,25,1,1,0,1,1,1
AT3G12820,"AtMYB10, MYB10",25,0,0,0,0,0,1
AT3G23570,NA,25,0,0,0,0,0,1
AT3G26240,NA,25,0,0,0,0,1,0
AT3G27060,"ATTSO2, TSO2",25,0,0,0,1,0,0
AT3G43720,LTPG2,25,1,0,0,0,0,0
AT3G48460,NA,25,0,0,0,1,1,0
AT3G52880,"ATMDAR1, MDAR1",25,0,0,0,1,1,1
AT3G53470,NA,25,0,0,0,1,0,0
AT3G56980,bHLH39,25,1,1,1,1,1,1
AT4G14103,NA,25,1,0,0,0,0,0
AT4G16370,"ATOPT3, OPT3, OPT3",25,0,1,1,1,1,1
AT4G19680,"ATIRT2, IRT2",25,1,1,1,1,1,1
AT4G22960,NA,25,0,0,0,1,0,1
AT4G31000,NA,25,0,0,0,1,0,0
AT4G35390,AGF1,25,1,1,0,1,1,1
AT4G37080,NA,25,1,1,0,1,0,0
AT4G38580,"ATFP6, FP6, HIPP26",25,0,0,0,1,0,0
AT5G04150,BHLH101,25,1,1,1,1,1,1
AT5G05250,NA,25,0,1,1,1,1,1
AT5G07530,"ATGRP-7, ATGRP17, GRP17",25,0,0,0,1,1,1
AT5G10625,NA,25,1,1,0,1,0,0
AT5G40160,"EMB139, EMB506",25,1,0,0,0,0,0
AT5G47910,"ATRBOHD, RBOHD",25,0,1,1,1,1,1
AT5G53450,ORG1,25,0,1,1,1,1,1
AT5G53850,NA,25,0,0,0,0,1,1
AT5G67330,"ATNRAMP4, NRAMP4",25,0,0,0,1,1,1
AT5G67370,CGLD27,25,0,0,0,1,1,1
AT5G67460,NA,25,1,0,0,0,0,0
AT1G01810,NA,26,0,0,0,1,0,0
AT1G07610,MT1C,26,1,1,0,1,1,0
AT1G25370,NA,26,0,0,0,1,0,0
AT1G28395,NA,26,1,0,0,0,0,0
AT1G34160,NA,26,1,1,0,0,0,0
AT1G34760,"GF14 OMICRON, GRF11, RHS5",26,0,1,1,1,1,1
AT1G54850,NA,26,0,1,0,0,0,0
AT1G55740,"AtSIP1, RS1, SIP1",26,0,1,0,1,0,1
AT1G56580,SVB,26,0,0,0,0,0,1
AT1G58080,"ATATP-PRT1, ATP-PRT1, HISN1A",26,0,0,1,0,0,1
AT1G69760,NA,26,1,0,0,1,1,0
AT1G73965,CLE13,26,0,0,0,1,0,0
AT1G77120,"ADH, ADH1, ATADH, ATADH1",26,0,0,0,1,0,0
AT2G02310,"AtPP2-B6, PP2-B6",26,0,0,0,1,0,0
AT2G04050,NA,26,0,0,0,0,0,1
AT2G15000,NA,26,1,1,0,0,0,0
AT2G20800,NDB4,26,0,0,0,1,0,1
AT2G21350,NA,26,1,0,0,0,0,0
AT2G23170,GH3.3,26,0,0,0,1,1,0
AT2G25355,NA,26,1,0,0,0,0,0
AT2G28160,"ATBHLH029, ATBHLH29, ATFIT1, BHLH029, FIT1, FRU",26,1,0,0,0,0,0
AT2G29670,NA,26,0,1,0,1,0,0
AT2G31350,GLX2-5,26,1,1,0,1,1,1
AT2G33060,"AtRLP27, RLP27",26,0,0,0,1,0,0
AT2G43780,NA,26,1,0,0,0,0,0
AT2G46750,"AtGulLO2, GulLO2",26,1,0,0,0,0,0
AT3G01600,"anac044, NAC044",26,0,0,0,0,0,1
AT3G15510,"ANAC056, ATNAC2, NAC2, NARS1",26,0,0,0,1,1,1
AT3G18280,NA,26,0,0,0,1,1,0
AT3G28910,"ATMYB30, MYB30",26,1,1,0,1,0,0
AT3G48410,NA,26,0,0,0,0,0,1
AT3G48450,NA,26,0,0,0,1,0,0
AT3G56970,"BHLH038, bHLH38, ORG2",26,1,1,1,1,1,1
AT3G57000,NA,26,1,0,0,0,0,0
AT3G58810,"ATMTP3, ATMTPA2, MTP3, MTPA2",26,1,1,1,1,1,1
AT3G59710,NA,26,0,0,0,1,0,1
AT4G16780,"ATHB-2, ATHB2, HAT4, HB-2",26,0,0,0,1,0,1
AT4G19690,"ATIRT1, IRT1",26,1,1,1,1,1,1
AT4G22890,PGR5-LIKE A,26,0,0,0,0,0,1
AT4G26780,"AR192, MGE2",26,1,0,0,0,0,0
AT4G35550,"ATWOX13, HB-4, WOX13",26,0,0,0,1,0,0
AT4G37850,NA,26,0,1,0,1,0,0
AT4G39300,NA,26,0,1,0,0,0,0
AT5G03570,"ATIREG2, FPN2, IREG2",26,0,0,0,0,0,1
AT5G06210,NA,26,1,0,0,0,0,0
AT5G09290,NA,26,0,1,0,0,0,0
AT5G13210,NA,26,0,0,0,0,0,1
AT5G13700,"APAO, ATPAO1, PAO1",26,1,0,0,1,0,1
AT5G13740,ZIF1,26,0,0,0,1,1,0
AT5G17165,NA,26,0,0,0,0,1,1
AT5G19970,NA,26,0,0,0,0,0,1
AT5G22800,"EMB1030, EMB263, EMB86",26,0,0,0,0,0,1
AT5G25460,DGR2,26,1,1,1,0,1,0
AT5G25475,NA,26,1,0,0,0,0,0
AT5G38820,NA,26,0,0,0,1,0,1
AT5G45070,"AtPP2-A8, PP2-A8",26,0,0,0,1,1,1
AT5G47060,NA,26,0,0,0,1,0,0
AT5G60800,NA,26,1,0,0,1,0,0
AT5G64680,NA,26,1,0,0,0,0,0
AT1G08610,NA,27,1,0,0,1,0,0
AT1G09600,NA,27,0,0,0,1,0,0
AT1G21150,NA,27,0,0,0,1,0,0
AT1G34490,NA,27,0,0,0,1,0,0
AT1G35710,NA,27,1,0,0,1,0,0
AT1G53350,NA,27,1,0,0,0,0,0
AT1G61400,NA,27,1,0,0,1,0,0
AT1G71420,NA,27,0,0,0,1,0,0
AT1G72640,NA,27,0,0,0,1,0,0
AT1G78840,NA,27,1,0,0,0,0,0
AT2G14920,"ATST4A, ST4A",27,0,0,0,1,0,0
AT2G31890,"ATRAP, RAP",27,1,1,0,1,0,0
AT2G32230,PRORP1,27,0,0,0,1,0,0
AT2G33180,NA,27,1,0,0,1,0,0
AT2G34240,NA,27,1,0,0,0,0,0
AT3G15720,NA,27,0,0,0,1,0,0
AT3G18090,NRPD2B,27,0,0,0,1,0,0
AT3G18145,NA,27,1,0,0,1,0,0
AT3G26070,NA,27,0,1,0,1,0,0
AT3G42640,"AHA8, HA8",27,1,0,0,0,0,0
AT3G51820,"ATG4, CHLG, G4, PDE325",27,0,0,0,1,0,0
AT3G53190,NA,27,1,0,0,0,0,0
AT3G59420,"ACR4, CR4",27,1,0,0,1,0,0
AT4G29060,emb2726,27,0,0,0,1,0,0
AT5G01590,NA,27,1,0,0,0,0,0
AT5G02480,NA,27,0,0,1,0,0,0
AT5G04885,NA,27,0,0,0,1,0,0
AT5G10370,NA,27,0,0,0,1,0,0
AT5G11470,NA,27,0,0,0,1,0,0
AT5G26742,"AtRH3, emb1138, RH3",27,1,0,0,1,0,0
AT5G28500,NA,27,0,0,0,1,0,0
AT5G39980,NA,27,0,0,0,1,0,0
AT5G40320,NA,27,1,0,0,1,0,0
AT5G41315,"GL3, GL3, MYC6.2",27,1,0,0,1,0,0
AT5G41600,"BTI3, RTNLB4",27,0,0,0,1,0,0
AT5G55540,"LOP1, TRN1",27,1,0,0,0,0,0
AT5G56590,NA,27,1,1,0,1,0,0
AT5G62170,TRM25,27,0,0,0,1,0,0
AT5G65570,NA,27,1,0,0,1,0,0
AT5G66470,NA,27,0,0,0,1,0,0
AT1G07890,"APX1, ATAPX01, ATAPX1, CS1, MEE6",28,0,0,0,0,1,1
AT1G09932,NA,28,1,0,0,1,0,0
AT1G13300,HRS1,28,1,0,0,0,0,0
AT1G18980,NA,28,1,1,0,0,0,0
AT1G32170,"XTH30, XTR4",28,1,0,0,0,0,0
AT1G44608,NA,28,1,0,0,0,0,0
AT1G54095,NA,28,1,0,0,0,0,0
AT1G56550,RGXT3,28,1,0,0,0,0,0
AT1G58150,NA,28,0,0,0,1,0,0
AT1G65610,"ATGH9A2, KOR2",28,0,0,0,1,0,0
AT1G68450,PDE337,28,1,0,0,1,0,0
AT2G19190,FRK1,28,1,0,0,0,0,0
AT2G20750,"ATEXPB1, ATHEXP BETA 1.5, EXPB1",28,1,0,0,0,0,0
AT2G25810,TIP4;1,28,1,0,0,0,0,0
AT2G27360,NA,28,1,0,0,0,0,0
AT2G28710,NA,28,0,1,0,0,0,0
AT2G30930,NA,28,1,0,0,0,0,0
AT2G31540,NA,28,1,0,0,0,0,0
AT2G34500,CYP710A1,28,0,0,1,0,0,0
AT2G36890,"ATMYB38, BIT1, MYB38, RAX2",28,1,0,0,0,0,0
AT2G40300,"ATFER4, FER4",28,0,0,0,1,1,1
AT2G40610,"ATEXP8, ATEXPA8, ATHEXP ALPHA 1.11, EXP8, EXPA8",28,1,0,0,1,0,0
AT2G40890,CYP98A3,28,0,0,0,1,0,0
AT3G04630,WDL1,28,1,0,0,0,0,0
AT3G05920,NA,28,1,0,0,0,0,0
AT3G10470,NA,28,1,0,0,0,0,0
AT3G11900,ANT1,28,0,0,0,0,0,1
AT3G14660,CYP72A13,28,1,0,0,0,0,0
AT3G15115,NA,28,1,0,0,0,0,0
AT3G16350,NA,28,0,0,0,0,0,1
AT3G19320,NA,28,1,0,0,0,0,0
AT3G21340,NA,28,1,0,0,0,0,0
AT3G22570,NA,28,1,0,0,0,0,0
AT3G25950,NA,28,0,0,0,1,0,0
AT3G26520,"GAMMA-TIP2, SITIP, TIP1;2, TIP2",28,0,0,0,0,1,1
AT3G44510,NA,28,1,0,0,0,0,0
AT3G46800,NA,28,1,0,0,0,0,0
AT3G49160,NA,28,0,0,1,1,0,1
AT3G50850,NA,28,0,1,0,0,0,0
AT3G52770,ZPR3,28,1,0,0,0,0,0
AT3G56090,"ATFER3, FER3",28,0,0,0,1,1,1
AT4G01140,NA,28,1,0,0,0,0,0
AT4G12510,NA,28,1,0,0,0,0,0
AT4G12520,NA,28,1,0,0,0,0,0
AT4G22666,NA,28,1,0,0,0,0,0
AT4G28140,NA,28,1,0,0,0,0,0
AT4G30170,NA,28,0,0,0,0,1,0
AT4G30410,NA,28,1,0,0,1,0,0
AT4G30670,NA,28,1,0,0,0,0,0
AT4G31470,NA,28,1,0,0,0,0,0
AT4G37070,"AtPLAIVA, PLA IVA, PLP1",28,1,0,0,0,0,0
AT4G39000,"AtGH9B17, GH9B17",28,0,0,0,0,1,0
AT4G40065,NA,28,1,0,0,0,0,0
AT5G10430,"AGP4, ATAGP4",28,1,0,0,0,0,0
AT5G22310,NA,28,1,0,0,0,0,0
AT5G26010,NA,28,1,0,0,1,0,0
AT5G38700,NA,28,1,0,0,1,0,0
AT5G43760,KCS20,28,1,0,0,0,0,0
AT5G44480,DUR,28,1,0,0,0,0,0
AT5G57070,NA,28,1,0,0,0,0,0
AT5G57400,NA,28,1,0,0,0,0,0
AT5G62100,"ATBAG2, BAG2",28,1,0,0,0,0,0
AT5G63595,"ATFLS4, FLS4",28,1,0,0,0,0,0
AT5G65170,NA,28,1,0,0,1,0,0
ATCG00810,RPL22,28,0,0,0,1,0,0
ATMG00660,ORF149,28,0,1,0,0,0,0
AT1G02030,NA,29,0,0,0,1,0,0
AT1G10530,NA,29,1,0,0,0,0,0
AT1G20450,"ERD10, LTI29, LTI45",29,0,0,0,1,0,0
AT1G21980,"ATPIP5K1, ATPIPK1, PIP5K1",29,0,1,0,1,1,0
AT1G30620,"HSR8, MUR4, UXE1",29,0,0,0,1,0,0
AT1G32870,"ANAC013, ANAC13, NAC13",29,0,0,0,1,0,0
AT1G32940,"ATSBT3.5, SBT3.5",29,0,0,0,1,0,0
AT1G42470,NA,29,0,1,0,0,1,1
AT1G52690,LEA7,29,0,1,0,1,1,0
AT1G53470,MSL4,29,0,1,0,0,0,0
AT1G62380,"ACO2, ATACO2",29,0,0,0,1,0,0
AT1G64563,NA,29,0,1,0,0,0,0
AT1G67300,NA,29,0,1,0,1,1,0
AT1G69260,AFP1,29,1,0,0,1,1,0
AT1G69295,PDCB4,29,0,0,0,1,0,0
AT1G71140,NA,29,0,1,0,1,1,0
AT1G72500,NA,29,0,0,0,1,0,0
AT1G75100,JAC1,29,1,0,0,0,0,0
AT1G75590,NA,29,1,0,0,1,0,0
AT1G77885,NA,29,1,0,0,1,0,0
AT1G80450,NA,29,1,0,0,1,0,0
AT2G01850,"ATXTH27, EXGT-A3, XTH27",29,1,1,0,1,1,0
AT2G02990,"ATRNS1, RNS1",29,1,0,0,1,1,0
AT2G18890,NA,29,0,1,0,1,0,0
AT2G21610,"ATPE11, PE11",29,0,0,0,1,1,0
AT2G23110,NA,29,0,0,0,1,1,0
AT2G29440,"ATGSTU6, GST24, GSTU6",29,0,0,0,1,0,0
AT2G31360,"ADS2, AtADS2",29,1,0,0,1,0,0
AT2G32960,"AtPFA-DSP2, PFA-DSP2",29,0,0,0,1,1,1
AT2G34850,MEE25,29,0,0,0,1,0,0
AT2G38250,NA,29,1,0,0,1,0,0
AT3G01950,NA,29,0,0,0,1,0,0
AT3G09560,"ATPAH1, PAH1",29,0,1,0,0,0,0
AT3G20300,NA,29,1,1,0,0,0,0
AT3G21070,"ATNADK-1, NADK1",29,0,0,0,0,1,0
AT3G21270,"ADOF2, DOF2",29,1,0,0,0,0,0
AT3G27200,NA,29,1,1,0,1,1,0
AT3G50060,MYB77,29,1,0,0,0,0,0
AT3G60330,"AHA7, HA7",29,0,0,0,0,1,0
AT3G61880,CYP78A9,29,1,1,1,1,0,0
AT3G63060,EDL3,29,0,0,0,1,0,0
AT4G10380,"AtNIP5;1, NIP5;1, NLM6, NLM8",29,0,0,0,1,0,0
AT4G13710,NA,29,0,0,0,1,0,0
AT4G20170,GALS3,29,0,0,0,0,1,0
AT4G23020,TRM11,29,0,0,1,1,1,0
AT4G26080,"ABI1, AtABI1",29,0,0,0,1,0,0
AT4G29570,NA,29,0,0,0,1,0,0
AT4G34300,NA,29,0,0,0,1,0,0
AT4G34710,"ADC2, ATADC2, SPE2",29,1,1,0,1,1,0
AT4G35720,NA,29,0,0,0,1,1,1
AT5G06760,"AtLEA4-5, LEA4-5",29,0,0,0,1,0,0
AT5G17810,WOX12,29,0,0,0,1,0,0
AT5G19900,NA,29,0,0,0,1,0,0
AT5G24030,SLAH3,29,1,0,0,1,1,1
AT5G24660,LSU2,29,1,1,0,1,1,1
AT5G25110,"CIPK25, SnRK3.25",29,0,1,0,1,0,0
AT5G26220,NA,29,0,0,0,1,0,0
AT5G43620,NA,29,1,1,0,1,0,0
AT5G47180,NA,29,0,0,0,1,0,0
AT5G50170,NA,29,0,1,0,0,0,0
AT1G04100,IAA10,30,0,0,0,1,0,0
AT1G05340,NA,30,0,0,0,1,0,0
AT1G10140,NA,30,0,0,0,1,0,0
AT1G10690,NA,30,1,0,0,1,0,0
AT1G19397,NA,30,1,1,0,0,0,0
AT1G20070,NA,30,1,0,0,1,0,0
AT1G23060,MDP40,30,1,0,0,0,0,0
AT1G26920,NA,30,0,0,0,1,0,0
AT1G48260,"CIPK17, SnRK3.21",30,1,1,0,1,0,0
AT1G53708,RTFL9,30,1,0,0,0,0,0
AT1G54870,NA,30,1,1,0,1,0,0
AT1G55210,NA,30,0,0,0,1,0,0
AT1G55230,NA,30,0,0,0,1,0,0
AT1G62370,NA,30,0,0,0,1,0,0
AT1G75440,UBC16,30,1,0,0,1,0,0
AT1G76070,NA,30,0,0,0,1,0,0
AT1G80160,GLYI7,30,1,0,1,0,0,0
AT2G17300,NA,30,1,0,0,1,0,0
AT2G17500,NA,30,1,0,0,0,0,0
AT2G20080,NA,30,0,0,1,1,0,0
AT2G27830,NA,30,1,0,0,1,0,0
AT2G29470,"ATGSTU3, GST21, GSTU3",30,1,0,0,1,0,0
AT2G37640,"ATEXP3, ATEXPA3, ATHEXP ALPHA 1.9, EXP3",30,1,0,0,0,0,0
AT2G43150,NA,30,1,0,0,0,0,0
AT3G05937,NA,30,0,0,0,1,0,0
AT3G06370,"ATNHX4, NHX4",30,0,0,0,1,0,0
AT3G09950,NA,30,1,0,0,1,0,0
AT3G13275,NA,30,1,0,0,1,0,0
AT3G13650,NA,30,1,0,0,0,0,0
AT3G16150,ASPGB1,30,1,1,0,1,0,0
AT3G20830,"AGC2-4, UCNL",30,1,0,0,0,0,0
AT3G25655,IDL1,30,1,0,0,0,0,0
AT3G49570,LSU3,30,0,0,0,1,0,0
AT3G50260,"ATERF#011, CEJ1, DEAR1",30,0,0,0,1,0,0
AT3G60520,NA,30,0,0,0,1,0,0
AT4G13110,NA,30,1,0,0,0,0,0
AT4G15610,NA,30,0,0,0,1,0,0
AT4G22758,NA,30,1,0,0,1,0,0
AT4G33040,NA,30,0,0,0,1,0,0
AT4G33666,NA,30,1,1,0,1,0,0
AT5G06839,"bZIP65, TGA10",30,1,0,0,0,0,0
AT5G13180,"ANAC083, NAC083, VNI2",30,0,0,0,1,0,0
AT5G17650,NA,30,1,1,0,1,0,0
AT5G18130,NA,30,1,1,0,1,0,0
AT5G40690,NA,30,1,0,0,1,0,0
AT5G43570,NA,30,1,0,0,0,0,0
AT5G49700,NA,30,0,0,0,1,0,0
AT5G64750,ABR1,30,0,0,0,1,0,0
AT5G65660,NA,30,1,0,0,1,0,0
AT1G01720,"ANAC002, ATAF1",31,0,0,0,1,0,0
AT1G02000,GAE2,31,0,0,0,1,0,0
AT1G05100,MAPKKK18,31,0,0,0,1,0,0
AT1G05820,"ATSPPL5, SPPL5",31,0,0,0,1,0,0
AT1G07150,MAPKKK13,31,0,1,0,1,0,0
AT1G07350,SR45a,31,0,0,0,1,0,0
AT1G07400,NA,31,0,0,0,1,0,0
AT1G09070,"(AT)SRC2, SRC2",31,0,0,0,1,0,0
AT1G11100,NA,31,1,1,0,1,0,0
AT1G11410,NA,31,1,1,0,0,0,0
AT1G12110,"ATNRT1, B-1, CHL1, CHL1-1, NRT1, NRT1.1",31,1,1,0,1,1,0
AT1G15100,RHA2A,31,0,0,0,1,0,0
AT1G17170,"ATGSTU24, GST, GSTU24",31,1,0,0,1,0,0
AT1G21340,NA,31,0,0,0,1,1,0
AT1G21790,NA,31,0,0,0,1,0,0
AT1G22350,NA,31,0,0,0,1,0,0
AT1G28550,"AtRABA1i, RABA1i",31,0,0,0,1,0,0
AT1G44350,ILL6,31,0,1,0,1,0,0
AT1G47510,"5PTASE11, AT5PTASE11",31,1,1,0,1,0,0
AT1G62180,"APR2, APSR, ATAPR2, PRH, PRH43",31,0,1,0,1,0,0
AT1G64295,NA,31,0,0,0,1,0,0
AT1G64740,TUA1,31,0,0,0,1,0,0
AT1G66500,NA,31,1,0,0,1,0,0
AT1G71130,CRF8,31,0,0,0,1,0,0
AT1G71695,NA,31,0,0,0,1,0,0
AT1G72140,NA,31,0,0,0,1,0,0
AT1G72510,NA,31,1,0,0,1,0,0
AT1G73760,NA,31,0,1,0,1,0,0
AT1G74310,"ATHSP101, HOT1, HSP101",31,0,1,0,0,0,0
AT1G75860,NA,31,0,0,0,1,0,0
AT1G76680,"ATOPR1, OPR1",31,1,0,0,1,0,0
AT1G77170,NA,31,0,0,0,1,0,0
AT1G77680,NA,31,0,1,0,0,0,0
AT1G78000,"SEL1, SULTR1;2",31,1,1,0,1,0,0
AT1G78380,"ATGSTU19, GST8, GSTU19",31,1,0,0,1,0,0
AT1G80660,"AHA9, HA9",31,1,1,0,1,1,0
AT1G80670,RAE1,31,0,0,0,1,0,0
AT2G19310,NA,31,0,0,0,1,0,0
AT2G21130,NA,31,0,0,0,1,0,0
AT2G21640,NA,31,0,0,0,1,0,0
AT2G24850,"TAT, TAT3",31,0,0,0,1,0,0
AT2G25770,NA,31,1,0,0,1,0,0
AT2G25940,"ALPHA-VPE, ALPHAVPE",31,1,0,0,1,0,0
AT2G27430,NA,31,1,0,0,1,1,0
AT2G29480,"ATGSTU2, GST20, GSTU2",31,0,0,0,1,0,0
AT2G34140,NA,31,0,0,0,1,0,0
AT2G36460,FBA6,31,0,0,0,1,0,0
AT2G36950,NA,31,0,0,0,1,0,0
AT2G39050,"ArathEULS3, EULS3",31,0,0,0,1,0,0
AT2G41630,TFIIB,31,0,0,0,1,0,0
AT2G43120,NA,31,0,0,0,1,0,0
AT2G43500,NA,31,0,1,0,0,0,0
AT3G03440,NA,31,1,1,0,1,1,0
AT3G07320,NA,31,0,0,0,1,0,0
AT3G08990,NA,31,1,0,0,1,0,0
AT3G09440,NA,31,0,1,0,1,0,0
AT3G10100,NA,31,0,0,0,1,0,0
AT3G12510,NA,31,0,0,0,1,0,0
AT3G23050,"AXR2, IAA7",31,1,0,0,1,0,0
AT3G23605,NA,31,0,1,0,1,1,0
AT3G23920,"AtBAM1, BAM1, BMY7, TR-BAMY",31,0,0,0,1,1,0
AT3G24500,"ATMBF1C, MBF1C",31,0,0,0,1,0,0
AT3G28210,"PMZ, SAP12",31,1,1,0,1,0,0
AT3G46230,"ATHSP17.4, HSP17.4",31,1,0,0,1,0,0
AT3G53230,AtCDC48B,31,1,1,0,1,0,0
AT3G61930,NA,31,1,0,0,1,1,0
AT3G62100,IAA30,31,0,0,0,1,0,0
AT4G02890,UBQ14,31,0,1,0,1,0,0
AT4G04610,"APR, APR1, ATAPR1, PRH19",31,0,1,0,1,0,0
AT4G05320,"UBI10, UBQ10",31,1,1,0,1,0,0
AT4G17840,NA,31,0,0,0,1,0,0
AT4G19395,"MIR168, MIR168A",31,0,0,0,1,0,0
AT4G21990,"APR3, ATAPR3, PRH-26, PRH26",31,1,1,0,1,0,0
AT4G22270,"ATMRB1, MRB1",31,1,0,0,1,1,0
AT4G25200,"ATHSP23.6-MITO, HSP23.6-MITO",31,0,1,0,0,0,0
AT4G27520,"AtENODL2, ENODL2",31,0,0,0,1,0,0
AT4G28320,"AtMAN5, MAN5",31,0,0,0,1,0,0
AT4G28720,YUC8,31,1,1,0,1,1,0
AT4G32020,NA,31,1,0,0,1,0,0
AT4G36740,"ATHB40, HB-5, HB40",31,0,0,0,1,0,0
AT5G01040,LAC8,31,0,0,0,1,0,0
AT5G01410,"ATPDX1, ATPDX1.3, PDX1, PDX1.3, RSR4",31,0,1,0,1,0,0
AT5G04340,"C2H2, CZF2, ZAT6",31,0,0,0,1,0,0
AT5G08790,"anac081, ATAF2",31,0,0,0,1,0,0
AT5G14180,MPL1,31,1,1,0,1,0,0
AT5G19025,NA,31,0,0,0,1,0,0
AT5G19110,NA,31,0,0,0,1,0,0
AT5G20270,HHP1,31,1,0,0,1,0,0
AT5G22140,NA,31,1,1,0,1,0,0
AT5G39050,PMAT1,31,1,1,0,1,1,0
AT5G40880,NA,31,1,1,0,1,0,0
AT5G45350,NA,31,0,0,0,1,0,0
AT5G50930,NA,31,0,0,0,1,0,0
AT5G53380,NA,31,0,0,0,1,0,0
AT5G54165,NA,31,1,0,0,1,0,0
AT5G55090,MAPKKK15,31,0,0,0,1,0,0
AT5G55180,NA,31,0,1,0,1,0,0
AT5G62020,"AT-HSFB2A, HSFB2A",31,0,0,0,1,0,0
AT5G62070,IQD23,31,0,0,0,1,0,0
AT5G62520,SRO5,31,0,0,0,1,0,0
AT5G62770,NA,31,0,0,0,1,0,0
AT5G63790,"ANAC102, NAC102",31,0,0,0,1,0,0
AT5G64230,NA,31,1,1,0,1,1,0
AT5G64250,NA,31,1,1,0,1,0,0
AT5G64560,"ATMGT9, MGT9, MRS2-2",31,0,0,0,1,0,0
AT5G67350,NA,31,0,0,0,1,0,0
AT1G05190,emb2394,32,0,0,0,1,0,0
AT1G06510,NA,32,0,0,0,1,0,0
AT1G11270,NA,32,1,0,0,1,0,0
AT1G13580,"LAG13, LOH3",32,0,0,0,1,0,0
AT1G21090,NA,32,0,1,0,1,0,0
AT1G26700,"ATMLO14, MLO14",32,1,0,0,1,0,0
AT1G26945,"KDR, PRE6",32,0,0,0,1,0,0
AT1G50110,NA,32,1,1,0,1,1,0
AT1G53025,NA,32,0,0,0,1,0,0
AT1G53520,"AtFAP3, FAP3",32,1,1,0,1,0,0
AT1G57590,NA,32,0,0,0,1,0,0
AT1G65295,NA,32,0,0,0,1,0,0
AT1G67820,NA,32,0,0,0,1,0,0
AT1G68872,NA,32,0,0,0,1,0,0
AT1G72270,NA,32,0,0,0,1,0,0
AT2G04040,"ATDTX1, DTX1, TX1",32,1,1,0,1,0,0
AT2G05790,NA,32,0,0,0,1,0,0
AT2G15390,"atfut4, FUT4",32,0,0,0,1,0,0
AT2G21860,NA,32,0,0,0,1,0,0
AT2G29125,"DVL13, RTFL2",32,0,0,0,1,0,0
AT2G29740,UGT71C2,32,0,0,0,1,0,0
AT2G30520,RPT2,32,0,0,0,1,0,0
AT2G37260,"ATWRKY44, DSL1, TTG2, WRKY44",32,0,0,0,1,0,0
AT2G38370,NA,32,0,1,0,1,0,0
AT2G39080,EMB2799,32,0,0,0,1,0,0
AT2G39140,"PDE328, SVR1",32,0,0,0,1,0,0
AT2G43030,NA,32,0,1,0,0,1,0
AT3G02820,NA,32,0,0,0,1,0,0
AT3G12220,scpl16,32,1,1,0,1,0,0
AT3G13190,NA,32,0,0,0,1,0,0
AT3G15240,NA,32,1,1,0,1,1,0
AT3G16320,CDC27a,32,1,0,0,1,0,0
AT3G16400,"ATMLP-470, ATNSP1, NSP1",32,0,0,0,0,0,1
AT3G17170,RFC3,32,1,1,0,1,0,0
AT3G18830,"ATPLT5, ATPMT5, PMT5",32,1,0,0,1,0,0
AT3G19470,NA,32,0,0,0,1,0,0
AT3G21260,GLTP3,32,1,0,0,1,0,0
AT3G23510,NA,32,0,0,0,1,0,0
AT3G26590,NA,32,0,0,0,1,0,0
AT3G27850,RPL12-C,32,0,1,0,1,0,0
AT3G44300,"AtNIT2, NIT2",32,0,0,0,1,0,0
AT3G47860,CHL,32,0,0,0,1,0,0
AT3G47965,NA,32,0,0,0,1,0,0
AT3G48490,NA,32,1,0,0,1,0,0
AT3G49470,NACA2,32,1,1,0,1,1,0
AT3G56910,PSRP5,32,0,0,0,1,0,0
AT3G63210,MARD1,32,0,0,0,1,0,0
AT4G03935,NA,32,0,0,0,1,0,0
AT4G07825,NA,32,0,1,0,1,0,0
AT4G12270,NA,32,0,0,0,1,0,0
AT4G14713,"PPD1, TIFY4A",32,0,1,0,1,0,0
AT4G22212,NA,32,1,1,0,1,0,0
AT4G25050,ACP4,32,0,1,0,1,1,0
AT4G25080,CHLM,32,0,1,0,1,0,0
AT4G32300,SD2-5,32,1,0,0,1,0,0
AT4G38830,CRK26,32,0,1,0,0,0,0
AT5G06800,NA,32,0,0,0,1,1,0
AT5G08565,NA,32,1,1,0,1,0,0
AT5G27390,NA,32,0,0,0,1,0,0
AT5G28300,NA,32,0,0,0,1,0,0
AT5G40950,RPL27,32,0,0,0,1,0,0
AT5G47240,"atnudt8, NUDT8",32,1,0,0,1,0,0
AT5G48100,"ATLAC15, LAC15, TT10",32,1,1,0,1,1,0
AT5G52170,HDG7,32,1,0,0,1,1,0
AT5G56260,NA,32,0,0,0,1,0,0
AT1G02310,MAN1,33,0,0,0,1,0,0
AT1G03990,NA,33,0,0,0,1,0,0
AT1G05010,"ACO4, EAT1, EFE",33,0,0,0,1,0,0
AT1G12320,NA,33,1,0,0,1,0,0
AT1G18290,NA,33,1,0,0,1,0,0
AT1G20440,"AtCOR47, COR47, RD17",33,0,0,0,1,0,0
AT1G32560,"AtLEA4-1, LEA4-1",33,1,0,0,1,0,0
AT1G50630,NA,33,0,0,0,1,0,0
AT1G52040,"ATMBP, MBP1",33,0,0,0,1,0,0
AT1G60720,NA,33,0,0,0,1,0,0
AT1G67070,"DIN9, PMI2",33,0,0,0,1,0,0
AT1G68390,NA,33,1,1,0,1,0,0
AT1G69530,"AT-EXP1, ATEXP1, ATEXPA1, ATHEXP ALPHA 1.2, EXP1, EXPA1",33,1,1,0,1,0,0
AT1G70140,"ATFH8, FH8",33,1,1,0,1,0,0
AT1G72490,NA,33,0,0,0,1,0,0
AT1G75000,NA,33,1,0,0,1,0,0
AT1G76690,"ATOPR2, OPR2",33,1,0,0,0,0,0
AT1G78120,TPR12,33,0,0,0,1,0,0
AT1G79410,"AtOCT5, OCT5",33,1,0,0,0,0,0
AT1G80440,NA,33,0,0,0,1,0,0
AT2G01275,NA,33,1,0,0,1,0,0
AT2G18730,"ATDGK3, DGK3",33,0,0,0,1,0,0
AT2G24040,NA,33,1,0,0,1,0,0
AT2G25450,NA,33,1,0,0,0,0,0
AT2G26560,"PLA IIA, PLA2A, PLAII alpha, PLP2, PLP2",33,0,0,0,1,0,0
AT2G28470,BGAL8,33,1,1,0,0,0,0
AT2G29380,HAI3,33,0,1,0,1,0,0
AT2G33570,GALS1,33,1,0,0,1,0,0
AT2G34830,"AtWRKY35, MEE24, WRKY35",33,0,0,0,1,0,0
AT2G36080,"ABS2, NGAL1",33,1,0,0,0,0,0
AT2G38800,NA,33,0,1,0,1,0,0
AT2G42380,"ATBZIP34, BZIP34",33,1,0,0,0,0,0
AT2G43060,IBH1,33,1,0,0,1,0,0
AT2G43870,NA,33,1,0,0,1,0,0
AT2G44290,NA,33,1,0,0,1,0,0
AT2G46950,CYP709B2,33,1,1,0,1,0,0
AT3G03520,NPC3,33,1,0,0,1,0,0
AT3G07360,"ATPUB9, PUB9",33,1,0,0,0,0,0
AT3G08970,"ATERDJ3A, TMS1",33,0,1,0,1,0,0
AT3G11350,NA,33,0,0,0,1,0,0
AT3G13090,"ABCC6, ATMRP8, MRP8",33,1,1,0,1,1,0
AT3G20860,"ATNEK5, NEK5",33,0,0,0,1,0,0
AT3G22910,NA,33,1,1,0,1,0,0
AT3G23170,NA,33,1,0,0,0,0,0
AT3G25240,NA,33,0,0,0,1,0,0
AT3G25290,NA,33,1,0,0,1,0,0
AT3G26440,NA,33,1,0,0,1,0,0
AT3G27350,NA,33,1,0,0,0,0,0
AT3G29810,COBL2,33,0,0,0,1,0,0
AT3G45095,NA,33,0,1,0,0,0,0
AT3G50350,NA,33,1,0,0,1,0,0
AT3G52460,NA,33,0,0,0,1,0,0
AT3G52820,"ATPAP22, PAP22",33,1,0,0,1,0,0
AT3G55180,NA,33,1,1,0,1,0,0
AT3G62020,GLP10,33,0,0,0,1,0,0
AT3G63380,NA,33,1,1,0,1,0,0
AT4G00150,"ATHAM3, HAM3, LOM3, SCL6-IV",33,1,0,0,0,0,0
AT4G02280,"ATSUS3, SUS3",33,1,1,0,0,0,0
AT4G05050,UBQ11,33,0,0,0,1,0,0
AT4G12450,NA,33,0,0,0,1,0,0
AT4G17940,NA,33,0,0,0,1,0,0
AT4G18380,NA,33,1,0,0,0,0,0
AT4G18425,NA,33,0,1,0,0,0,0
AT4G26880,NA,33,1,0,0,1,0,0
AT4G30470,NA,33,1,0,0,1,0,0
AT4G33180,NA,33,0,0,0,1,0,0
AT4G33467,NA,33,0,0,0,1,0,0
AT4G34131,UGT73B3,33,1,0,0,1,0,0
AT4G37370,CYP81D8,33,1,0,0,1,1,0
AT4G37770,ACS8,33,1,1,0,1,0,0
AT4G38400,"ATEXLA2, ATEXPL2, ATHEXP BETA 2.2, EXLA2, EXPL2",33,1,0,0,1,0,0
AT5G01100,FRB1,33,1,0,0,1,0,0
AT5G01640,PRA1.B5,33,1,0,0,1,0,0
AT5G01820,"ATCIPK14, ATSR1, CIPK14, PKS24, SnRK3.15, SR1",33,0,0,0,1,0,0
AT5G02430,NA,33,0,1,0,0,0,0
AT5G05420,NA,33,1,0,0,0,0,0
AT5G06230,TBL9,33,0,0,0,1,0,0
AT5G18270,ANAC087,33,1,0,0,1,0,0
AT5G20810,NA,33,0,0,0,1,0,0
AT5G23220,NIC3,33,0,0,0,1,0,0
AT5G24870,NA,33,0,0,0,1,0,0
AT5G28020,"ATCYSD2, CYSD2",33,0,0,0,1,0,0
AT5G36260,NA,33,1,0,0,0,0,0
AT5G43880,TRM21,33,0,1,0,0,0,0
AT5G48900,NA,33,1,0,0,1,0,0
AT5G51520,NA,33,1,0,0,0,0,0
AT5G52790,NA,33,0,0,0,1,0,0
AT5G55960,NA,33,1,0,0,0,0,0
AT5G57710,NA,33,0,0,0,1,0,0
AT5G59220,"HAI1, SAG113",33,0,1,0,1,0,0
AT5G59280,"APUM16, PUM16",33,0,0,0,1,0,0
AT5G61810,APC1,33,0,1,0,0,0,0
AT5G62420,NA,33,1,0,0,1,0,0
AT5G64510,TIN1,33,0,0,0,1,0,0
AT5G65100,NA,33,0,0,0,1,0,0
AT5G67140,NA,33,0,0,0,1,0,0
AT5G67300,"ATMYB44, ATMYBR1, MYB44, MYBR1",33,0,0,0,1,0,0
ATCG00280,PSBC,33,1,0,0,0,0,0
ATCG00670,"CLPP1, PCLPP",33,0,1,0,0,0,0
AT1G13270,"MAP1B, MAP1C",34,1,1,0,0,0,0
AT1G14185,NA,34,1,1,0,1,0,1
AT1G45015,NA,34,0,1,0,0,0,0
AT1G47520,NA,34,0,0,0,1,0,0
AT1G49000,NA,34,1,0,0,0,0,0
AT1G49005,CLE11,34,0,1,0,0,0,0
AT1G49320,"ATUSPL1, USPL1",34,0,1,0,0,0,0
AT1G55510,BCDH BETA1,34,1,0,0,0,0,0
AT1G64510,NA,34,0,1,0,0,0,0
AT1G75250,"ATRL6, RL6, RSM3",34,0,0,0,1,0,0
AT1G78010,NA,34,0,1,0,0,0,0
AT2G27690,CYP94C1,34,0,0,0,1,0,0
AT2G29995,NA,34,0,0,0,1,0,0
AT2G40080,ELF4,34,0,0,0,1,1,0
AT2G40180,"ATHPP2C5, PP2C5",34,0,0,0,1,0,0
AT2G43570,CHI,34,0,0,0,1,0,0
AT3G13610,NA,34,0,1,0,0,0,0
AT3G15620,UVR3,34,1,0,0,0,0,0
AT3G23230,"AtERF98, AtTDR1, ERF98, TDR1",34,0,1,0,1,0,0
AT3G52748,NA,34,0,1,0,0,0,0
AT3G54363,NA,34,0,0,0,1,0,0
AT3G59060,"PIF5, PIL6",34,1,0,0,0,0,0
AT4G04360,NA,34,0,0,0,1,0,0
AT4G04370,NA,34,0,0,0,1,0,0
AT4G18170,"ATWRKY28, WRKY28",34,1,0,0,0,0,0
AT4G19980,NA,34,0,1,0,0,0,0
AT4G26810,NA,34,0,1,0,1,0,0
AT4G27950,CRF4,34,0,1,0,1,0,0
AT5G03390,NA,34,1,0,0,0,0,0
AT5G14330,NA,34,1,0,0,0,1,1
AT5G16200,NA,34,1,0,0,0,0,0
AT5G26690,NA,34,0,1,0,0,0,0
AT5G41280,NA,34,0,0,0,1,0,0
AT5G48657,NA,34,0,0,0,0,0,1
AT5G53490,NA,34,1,1,0,1,0,0
AT5G57170,NA,34,0,1,0,0,0,0
AT1G13490,NA,35,1,0,0,0,0,0
AT1G16140,WAKL3,35,1,1,0,0,0,0
AT1G23030,NA,35,1,0,0,0,0,0
AT1G34500,NA,35,1,0,0,1,0,0
AT1G35530,"At-FANCM, FANCM",35,0,0,0,1,0,0
AT1G36060,NA,35,0,0,0,0,0,1
AT1G64860,"RPOD1, SIG1, SIG2, SIGA, SIGB",35,0,1,0,1,0,1
AT1G66030,CYP96A14P,35,1,0,0,1,0,0
AT2G01320,ABCG7,35,1,0,0,0,0,0
AT2G05330,NA,35,0,1,0,0,0,0
AT2G11810,"ATMGD3, MGD3, MGDC",35,0,0,0,1,0,0
AT2G28170,"ATCHX7, CHX7",35,1,0,0,0,0,0
AT2G32610,"ATCSLB01, ATCSLB1, CSLB01, CSLB01",35,0,0,0,1,0,0
AT2G46650,"ATCB5-C, B5 #1, CB5-C, CYTB5-C",35,1,0,0,0,0,0
AT3G03510,NA,35,0,1,0,1,0,0
AT3G06840,NA,35,0,1,0,0,0,0
AT3G10510,NA,35,1,0,0,0,0,0
AT3G18800,NA,35,0,1,0,0,0,0
AT3G46700,NA,35,0,0,0,0,0,1
AT3G47720,SRO4,35,1,1,0,1,0,0
AT4G04220,"AtRLP46, RLP46",35,1,0,0,0,0,0
AT4G38590,BGAL14,35,0,0,0,1,0,0
AT5G02400,PLL2,35,0,0,0,0,0,1
AT5G14740,"BETA CA2, CA18, CA2",35,1,0,0,0,0,0
AT5G19040,"ATIPT5, IPT5",35,0,0,0,1,0,0
AT5G21222,NA,35,0,0,0,1,0,0
AT5G21930,"ATHMA8, HMA8, PAA2",35,0,0,0,1,1,0
AT5G22690,NA,35,0,0,0,0,0,1
AT5G24940,NA,35,0,0,0,1,0,0
AT5G42210,NA,35,1,0,0,0,0,0
AT5G54060,"UF3GT, UGT79B1",35,1,0,0,0,0,0
AT5G59520,"AtZIP2, ZIP2",35,0,1,0,0,0,0
AT5G62280,NA,35,1,0,0,1,0,0
AT1G02850,BGLU11,36,0,0,0,1,0,0
AT1G13800,FAC19,36,1,0,0,1,0,0
AT1G15380,GLYI4,36,0,0,0,1,0,0
AT1G17830,NA,36,1,0,0,0,0,0
AT1G58037,NA,36,1,0,0,0,0,0
AT1G62480,NA,36,1,1,0,1,0,1
AT1G68650,NA,36,0,0,0,1,1,1
AT1G70580,"AOAT2, GGT2",36,0,0,0,1,0,0
AT1G74490,NA,36,0,0,0,0,0,1
AT1G76880,NA,36,0,1,0,0,0,0
AT1G79840,GL2,36,1,0,0,1,1,0
AT2G04800,NA,36,0,0,0,1,0,0
AT2G13130,NA,36,0,0,0,1,0,0
AT2G18000,"TAF14, YAF9b",36,0,0,0,1,0,0
AT2G20490,"EDA27, NOP10",36,1,1,0,1,0,0
AT2G24150,HHP3,36,1,0,0,0,0,0
AT2G33430,"DAL, DAL1, MORF2",36,1,0,0,1,0,0
AT2G36885,NA,36,0,0,0,1,1,1
AT2G36990,"ATSIG6, SIG6, SIGF, SOLDAT8",36,1,0,0,1,0,0
AT3G06778,NA,36,1,1,0,1,0,0
AT3G11050,"ATFER2, FER2",36,0,0,0,1,0,0
AT3G13175,NA,36,1,0,0,1,0,0
AT3G18050,NA,36,0,0,0,1,0,0
AT3G18890,"AtTic62, Tic62",36,1,0,0,1,0,0
AT3G24420,NA,36,0,0,0,1,0,0
AT3G24460,NA,36,0,0,0,1,0,0
AT3G43670,NA,36,0,0,1,1,1,1
AT3G49520,NA,36,1,0,0,0,0,0
AT3G61270,NA,36,0,0,0,1,0,0
AT4G01150,NA,36,0,0,0,1,0,0
AT4G04770,"ABC1, ABCI8, ATABC1, ATNAP1, LAF6",36,0,0,1,1,1,1
AT4G06744,NA,36,0,0,0,1,0,0
AT4G08160,NA,36,0,1,0,0,0,0
AT4G14760,NET1B,36,0,1,0,0,0,0
AT4G15230,"ABCG30, ATPDR2, PDR2",36,0,0,0,1,0,0
AT4G16835,NA,36,0,0,0,1,0,0
AT4G22620,NA,36,0,0,0,1,0,0
AT4G27595,NA,36,0,0,0,1,0,0
AT4G30350,NA,36,0,1,0,0,0,0
AT4G31650,NA,36,0,0,0,1,0,0
AT4G33050,"AtIQM1, EDA39, IQM1",36,1,0,0,0,0,0
AT4G37720,"ATPSK6, PSK6",36,1,0,0,0,0,0
AT5G04590,SIR,36,0,0,0,1,0,1
AT5G13370,NA,36,0,1,0,0,0,0
AT5G15725,NA,36,0,0,0,1,0,0
AT5G17680,NA,36,0,0,0,1,0,0
AT5G20830,"ASUS1, atsus1, SUS1",36,0,0,0,1,0,0
AT5G22300,"AtNIT4, NIT4",36,0,0,0,1,0,0
AT5G23955,NA,36,0,0,0,1,0,0
AT5G36160,NA,36,0,0,0,1,0,0
AT5G42690,NA,36,0,0,0,1,0,0
AT5G44490,NA,36,0,0,0,1,0,0
AT5G51060,"ATRBOHC, RBOHC, RHD2",36,1,0,0,0,0,0
AT5G53200,TRY,36,1,1,0,1,0,0
AT5G65400,NA,36,0,0,0,1,0,0
AT5G66570,"MSP-1, OE33, OEE1, OEE33, PSBO-1, PSBO1",36,0,0,0,1,0,0
ATCG00040,MATK,36,1,0,0,1,0,0
ATCG00180,RPOC1,36,0,0,0,1,0,0
ATCG00790,RPL16,36,0,1,0,1,0,0
ATCG00800,NA,36,0,0,0,1,0,0
ATCG00820,RPS19,36,0,0,0,1,0,0
ATCG01130,YCF1.2,36,0,0,0,1,0,0
AT1G09090,"ATRBOHB, ATRBOHB-BETA, RBOHB",37,0,0,0,1,0,0
AT1G13930,NA,37,1,0,0,1,0,0
AT1G19450,NA,37,1,1,0,0,0,0
AT1G20190,"ATEXP11, ATEXPA11, ATHEXP ALPHA 1.14, EXP11, EXPA11",37,1,1,0,1,0,0
AT1G22470,NA,37,1,0,0,0,0,0
AT1G30690,NA,37,1,0,0,0,0,0
AT1G54970,"ATPRP1, PRP1, RHS7",37,0,0,0,1,0,0
AT1G60750,NA,37,1,1,0,1,0,0
AT1G66470,"AtRHD6, RHD6",37,0,1,0,1,0,0
AT2G17590,NA,37,0,0,0,1,0,0
AT2G26690,NA,37,1,0,0,0,0,0
AT3G06770,NA,37,1,0,0,0,0,0
AT3G21240,"4CL2, AT4CL2",37,0,0,0,1,1,0
AT3G21680,NA,37,1,0,0,0,0,0
AT3G22830,"AT-HSFA6B, HSFA6B",37,0,0,0,1,1,0
AT3G23800,SBP3,37,0,0,0,1,0,0
AT3G32030,NA,37,0,0,0,1,0,0
AT3G43250,NA,37,1,0,0,0,0,0
AT3G44450,NA,37,1,0,0,0,0,0
AT3G48520,CYP94B3,37,0,0,0,1,0,0
AT3G50630,"ICK2, KRP2",37,1,0,0,1,0,0
AT3G54990,SMZ,37,1,1,0,1,0,0
AT4G09990,GXM2,37,0,1,0,0,0,0
AT4G23030,NA,37,1,0,0,0,0,0
AT4G36880,CP1,37,0,1,0,1,0,0
AT4G36900,"DEAR4, RAP2.10",37,1,0,0,1,0,0
AT5G02000,NA,37,1,0,0,0,0,0
AT5G09220,AAP2,37,0,1,0,1,0,1
AT5G12050,NA,37,0,1,0,0,0,0
AT5G21280,NA,37,1,0,0,0,0,0
AT5G40270,NA,37,1,0,0,0,0,0
AT5G55250,"AtIAMT1, IAMT1",37,0,0,0,1,0,0
AT5G65160,TPR14,37,0,1,0,0,0,0
AT1G09420,G6PD4,38,0,0,0,1,0,0
AT1G14340,NA,38,1,0,0,0,0,0
AT1G18060,NA,38,0,0,0,1,0,0
AT1G18750,AGL65,38,1,0,0,0,0,0
AT1G20816,NA,38,1,0,0,1,0,0
AT1G30520,AAE14,38,1,0,0,1,0,0
AT1G30600,NA,38,1,0,0,1,0,0
AT1G34100,NA,38,0,1,0,0,0,0
AT1G55110,"AtIDD7, IDD7",38,0,0,0,1,0,0
AT1G56570,PGN,38,0,0,0,1,0,0
AT1G60550,"DHNS, ECHID",38,0,0,0,1,0,0
AT1G62120,NA,38,1,0,0,0,0,0
AT1G70280,NA,38,1,0,0,1,0,0
AT1G79850,"CS17, PDE347, PRPS17, RPS17",38,1,0,0,0,0,0
AT2G15128,NA,38,1,0,0,0,0,0
AT2G19090,NA,38,1,0,0,1,0,0
AT2G24840,"AGL61, DIA",38,1,1,0,0,0,0
AT2G33330,PDLP3,38,1,0,0,1,0,0
AT2G34920,EDA18,38,0,0,0,1,0,0
AT2G37440,NA,38,0,0,0,1,0,0
AT2G38640,NA,38,0,0,0,1,0,0
AT2G39230,LOJ,38,1,0,0,1,0,0
AT2G39300,NA,38,0,0,0,1,0,0
AT3G17040,HCF107,38,0,0,0,1,0,0
AT3G20710,NA,38,0,0,0,1,0,0
AT3G27180,NA,38,1,0,0,1,0,0
AT3G54220,"SCR, SGR1",38,0,0,0,1,0,0
AT3G62760,ATGSTF13,38,1,0,0,1,0,0
AT3G63520,"ATCCD1, ATNCED1, CCD1, NCED1",38,0,0,0,1,0,0
AT4G00370,"ANTR2, PHT4;4",38,0,0,0,1,0,0
AT4G00690,ULP1B,38,1,0,0,0,0,0
AT4G04850,"ATKEA3, KEA3",38,0,0,0,1,0,0
AT4G10470,NA,38,0,0,0,1,0,0
AT4G14100,NA,38,1,0,0,0,0,0
AT4G14695,NA,38,0,0,0,1,0,0
AT4G24890,"ATPAP24, PAP24",38,0,1,0,0,0,0
AT4G33010,"AtGLDP1, GLDP1",38,0,0,0,1,0,0
AT5G05900,NA,38,1,0,0,0,0,0
AT5G22610,NA,38,0,1,0,0,0,0
AT5G27400,NA,38,0,0,0,1,0,0
AT5G35945,NA,38,0,0,0,1,0,0
AT5G49640,NA,38,1,0,0,1,0,0
AT5G57980,RPB5C,38,1,0,0,1,0,0
AT5G61940,NA,38,1,0,0,0,0,0
AT5G62670,"AHA11, HA11",38,1,0,0,1,1,0
AT1G03870,FLA9,39,0,0,0,0,1,0
AT1G05300,ZIP5,39,0,0,0,0,0,1
AT1G13080,CYP71B2,39,0,0,0,1,0,0
AT1G15040,"GAT, GAT1_2.1",39,1,1,0,0,1,1
AT1G23480,"ATCSLA03, ATCSLA3, CSLA03, CSLA03, CSLA3",39,0,0,0,1,0,0
AT1G23560,NA,39,1,0,0,0,0,0
AT1G29160,NA,39,1,0,0,1,0,0
AT1G35680,RPL21C,39,0,1,0,0,0,0
AT1G43765,NA,39,0,0,0,1,0,0
AT1G47603,"ATPUP19, PUP19",39,1,0,0,1,0,0
AT1G51860,NA,39,1,0,0,0,0,0
AT1G53625,NA,39,1,0,0,0,0,0
AT1G53633,NA,39,0,0,0,0,0,1
AT1G56700,NA,39,0,0,0,0,1,0
AT1G58290,"AtHEMA1, HEMA1",39,0,0,1,1,1,1
AT1G60960,"ATIRT3, IRT3",39,0,0,0,1,0,1
AT1G61560,"ATMLO6, MLO6",39,0,0,0,1,0,0
AT1G67810,SUFE2,39,0,0,0,1,0,0
AT1G72900,NA,39,0,0,0,1,0,0
AT2G01020,NA,39,0,0,0,0,0,1
AT2G15220,NA,39,0,0,0,1,0,0
AT2G20670,NA,39,0,0,0,0,0,1
AT2G21780,NA,39,1,0,0,0,0,0
AT2G29730,UGT71D1,39,0,0,0,1,0,0
AT2G31750,UGT74D1,39,1,0,0,0,0,0
AT2G33780,NA,39,0,1,0,1,0,0
AT2G35200,NA,39,1,0,0,0,0,0
AT2G35730,NA,39,0,1,0,1,0,0
AT2G36690,NA,39,0,1,0,0,0,0
AT2G37130,NA,39,0,0,0,0,0,1
AT2G38210,PDX1L4,39,0,0,0,1,0,0
AT2G38695,NA,39,0,0,0,1,0,0
AT2G39410,NA,39,1,1,0,1,1,1
AT2G39980,NA,39,1,0,0,0,0,0
AT2G43000,"ANAC042, JUB1, NAC042",39,1,1,0,0,1,0
AT2G44360,NA,39,0,0,0,0,1,0
AT2G47240,"CER8, LACS1",39,0,0,0,1,0,0
AT2G47270,UPB1,39,1,0,0,0,0,0
AT3G03280,NA,39,0,0,0,0,0,1
AT3G10520,"AHB2, ARATH GLB2, ATGLB2, GLB2, HB2, NSHB2",39,1,1,0,0,0,0
AT3G16120,NA,39,1,0,0,0,0,0
AT3G20340,NA,39,0,0,1,0,0,0
AT3G20510,NA,39,0,0,0,0,1,1
AT3G26470,NA,39,1,0,0,0,0,1
AT3G28750,NA,39,1,0,0,0,0,0
AT3G41979,NA,39,0,0,0,0,0,1
AT3G45710,NA,39,1,0,0,0,0,0
AT3G46400,NA,39,1,0,0,0,0,0
AT3G47470,"CAB4, LHCA4",39,0,1,0,1,0,0
AT3G48850,"MPT2, PHT3;2",39,0,0,0,1,0,0
AT3G50140,NA,39,0,1,0,0,0,0
AT3G52540,"ATOFP18, OFP18",39,0,1,0,1,0,0
AT3G53150,UGT73D1,39,1,0,0,0,0,0
AT4G01630,"ATEXP17, ATEXPA17, ATHEXP ALPHA 1.13, EXPA17",39,0,1,1,0,0,1
AT4G02520,"ATGSTF2, ATPM24, ATPM24.1, GST2, GSTF2",39,1,1,0,0,0,0
AT4G04450,"AtWRKY42, WRKY42",39,0,0,0,0,0,1
AT4G05590,NA,39,1,0,0,0,0,0
AT4G13440,NA,39,1,0,0,0,0,0
AT4G15417,"ATRTL1, RTL1",39,1,0,0,0,0,0
AT4G16260,NA,39,0,0,0,1,0,0
AT4G18340,NA,39,0,0,0,1,0,0
AT4G23170,"CRK9, EP1",39,1,0,0,0,0,0
AT4G23450,"AIRP1, AtAIRP1",39,0,0,0,1,0,0
AT4G23700,"ATCHX17, CHX17",39,0,0,1,0,0,1
AT4G24110,NA,39,0,0,0,0,0,1
AT4G24230,ACBP3,39,0,0,1,0,0,0
AT4G25030,NA,39,0,0,0,0,0,1
AT4G25830,NA,39,0,0,0,0,1,0
AT4G30280,"ATXTH18, XTH18",39,1,0,0,0,0,0
AT4G34920,NA,39,1,0,0,0,0,0
AT4G35770,"ATSEN1, DIN1, SEN1, SEN1",39,1,0,1,0,0,0
AT4G36110,SAUR9,39,0,0,0,0,0,1
AT5G01550,LECRKA4.2,39,0,0,1,0,0,0
AT5G02090,NA,39,1,0,0,0,0,0
AT5G03860,MLS,39,0,1,0,1,0,0
AT5G05965,NA,39,0,1,0,0,0,0
AT5G07080,NA,39,1,1,0,1,0,0
AT5G11420,NA,39,0,1,0,1,0,0
AT5G12880,NA,39,1,0,0,0,0,0
AT5G22250,"AtCAF1b, CAF1b",39,0,0,0,1,0,0
AT5G24910,"CYP714A1, ELA1",39,0,1,0,0,0,0
AT5G38610,NA,39,1,0,0,1,0,0
AT5G38850,NA,39,0,0,0,1,0,0
AT5G47740,NA,39,0,0,1,0,0,1
AT5G52250,"EFO1, RUP1",39,0,0,0,0,0,1
AT5G54585,NA,39,0,0,0,0,0,1
AT5G59400,NA,39,0,0,0,0,1,0
AT5G66790,NA,39,1,1,0,1,0,0
AT1G03220,NA,40,0,0,0,1,0,0
AT1G09740,NA,40,0,0,0,1,0,0
AT1G15385,NA,40,1,0,0,1,1,0
AT1G17620,NA,40,0,0,0,1,0,0
AT1G19020,NA,40,0,0,0,1,0,0
AT1G22400,"ATUGT85A1, UGT85A1",40,0,0,0,1,0,0
AT1G28480,"GRX480, roxy19",40,0,0,0,1,0,0
AT1G29640,NA,40,0,0,0,1,0,0
AT1G73750,NA,40,0,0,0,1,0,0
AT1G76970,NA,40,0,0,0,1,0,0
AT2G01340,At17.1,40,0,0,0,1,0,0
AT2G21180,NA,40,1,0,0,1,0,0
AT2G27310,NA,40,0,0,0,1,0,0
AT2G34340,NA,40,1,0,0,1,0,0
AT2G40340,"AtERF48, DREB2C",40,0,0,0,1,0,0
AT2G42690,NA,40,1,0,0,1,1,0
AT2G43590,NA,40,1,0,0,1,0,0
AT2G47485,NA,40,1,0,0,1,0,0
AT3G04640,NA,40,0,0,0,1,0,0
AT3G05500,NA,40,0,0,0,1,0,0
AT3G07340,NA,40,0,0,0,1,0,0
AT3G10815,NA,40,1,0,0,1,0,0
AT3G11660,NHL1,40,0,0,0,1,0,0
AT3G13310,NA,40,0,0,0,1,0,0
AT3G15500,"ANAC055, ATNAC3, NAC055, NAC3",40,0,0,0,1,0,0
AT3G17770,NA,40,0,0,0,1,0,0
AT3G44326,NA,40,0,0,0,1,0,0
AT3G49540,NA,40,0,0,0,1,0,0
AT3G53720,"ATCHX20, CHX20",40,0,0,0,1,0,0
AT3G53930,NA,40,0,1,0,1,0,0
AT4G16190,NA,40,1,0,0,0,0,0
AT4G19200,NA,40,0,0,0,1,0,0
AT4G20730,NA,40,0,0,0,1,0,0
AT4G23060,IQD22,40,0,0,0,1,0,0
AT4G36040,J11,40,1,0,0,1,0,0
AT4G37790,HAT22,40,0,0,0,1,0,0
AT4G39090,"RD19, RD19A",40,0,0,0,1,0,0
AT4G39670,NA,40,0,0,0,1,0,0
AT5G02030,"BLH9, BLR, HB-6, LSN, PNY, RPL, VAN",40,1,0,0,1,0,0
AT5G03240,UBQ3,40,0,0,0,1,0,0
AT5G05110,NA,40,0,0,0,1,0,0
AT5G06300,LOG7,40,0,0,0,1,0,0
AT5G07010,"ATST2A, ST2A",40,1,1,0,1,0,0
AT5G10695,NA,40,0,0,0,1,0,0
AT5G13800,"CRN1, PPH",40,1,1,0,1,0,0
AT5G47050,NA,40,1,0,0,1,0,0
AT5G49480,"ATCP1, CP1",40,1,0,0,0,0,0
AT5G54940,NA,40,0,0,0,1,0,0
AT5G57510,NA,40,1,0,0,1,0,0
AT5G64430,NA,40,0,0,0,1,0,0
AT5G65300,NA,40,1,0,0,1,0,0
AT5G67080,MAPKKK19,40,1,1,0,1,0,0
AT1G20610,CYCB2;3,41,1,0,0,0,0,0
AT1G30010,nMAT1,41,1,0,0,0,0,0
AT1G65560,NA,41,1,0,0,0,0,0
AT1G69210,NA,41,1,1,0,0,0,0
AT2G03200,NA,41,0,0,0,1,0,0
AT2G03830,RGF8,41,0,1,0,1,0,0
AT2G29260,NA,41,1,0,0,0,0,0
AT2G37570,SLT1,41,0,0,1,0,0,0
AT2G45340,NA,41,1,0,0,0,0,0
AT2G47680,NA,41,1,0,0,1,0,0
AT3G03580,NA,41,1,0,0,0,0,0
AT3G13150,NA,41,1,0,0,0,0,0
AT3G14580,NA,41,1,0,0,0,0,0
AT3G14900,EMB3120,41,0,0,0,1,0,0
AT3G17350,NA,41,1,0,0,0,0,0
AT3G19330,NA,41,1,0,0,0,0,0
AT3G21560,UGT84A2,41,0,1,0,0,0,1
AT3G22670,NA,41,1,0,0,1,0,0
AT3G24000,NA,41,1,1,0,1,0,0
AT3G44990,"AtXTH31, ATXTR8, XTH31, XTR8",41,0,0,1,1,0,0
AT3G47010,NA,41,1,0,0,0,0,0
AT3G51290,NA,41,1,0,0,0,0,0
AT3G63450,NA,41,1,1,0,1,0,0
AT4G25600,NA,41,1,0,0,0,0,0
AT5G03780,TRFL10,41,1,0,0,0,0,0
AT5G39350,NA,41,1,0,0,1,0,0
AT5G39840,NA,41,1,0,0,1,0,0
AT5G39900,NA,41,1,0,0,0,0,0
AT5G42700,NA,41,1,1,0,0,0,0
AT5G46390,NA,41,1,0,0,0,0,0
AT5G48360,NA,41,1,0,0,1,0,0
AT5G56310,NA,41,1,0,0,0,0,0
ATCG00760,RPL36,41,1,0,0,1,0,0
AT1G17310,NA,42,0,0,0,1,0,0
AT1G22110,NA,42,1,0,0,1,0,0
AT1G47600,"BGLU34, TGG4",42,0,0,0,1,0,0
AT1G51470,"BGLU35, TGG5",42,0,0,0,1,0,0
AT1G74000,SS3,42,0,0,0,1,0,0
AT1G77730,NA,42,0,0,0,1,0,0
AT1G79330,"AMC6, ATMC5, ATMCP2b, MC5, MCP2b",42,0,0,0,1,0,0
AT2G31250,HEMA3,42,0,1,0,0,0,0
AT2G34790,"EDA28, MEE23",42,1,0,0,1,1,0
AT2G41451,NA,42,0,0,0,1,0,0
AT3G16440,"ATMLP-300B, MEE36, MLP-300B",42,1,0,0,1,0,0
AT3G50220,IRX15,42,0,0,0,1,0,0
AT4G12180,NA,42,0,0,0,1,0,0
AT4G18910,"ATNLM2, NIP1;2, NLM2",42,1,1,0,1,0,0
AT4G28280,LLG3,42,0,0,0,1,0,0
AT5G01480,NA,42,0,0,0,1,0,0
AT5G03020,NA,42,0,0,0,1,0,0
AT5G04200,"AtMC9, AtMCP2f, MC9, MCP2f",42,0,0,0,1,0,0
AT5G18980,NA,42,0,0,0,1,0,0
AT5G26250,NA,42,0,0,0,1,0,0
AT5G42600,MRN1,42,1,0,0,1,0,0
AT5G54870,NA,42,0,0,0,1,0,0
AT1G04640,LIP2,43,0,0,0,1,0,0
AT1G07830,NA,43,0,0,0,1,0,0
AT1G09390,NA,43,0,0,0,1,0,0
AT1G13380,NA,43,0,0,0,1,0,0
AT1G21060,NA,43,0,0,0,1,0,0
AT1G24090,NA,43,0,1,0,1,0,0
AT1G26100,NA,43,1,0,0,1,0,0
AT1G28140,NA,43,0,0,0,1,0,0
AT1G28690,NA,43,0,0,0,1,0,0
AT1G35320,NA,43,0,0,0,1,0,0
AT1G35612,NA,43,1,1,0,1,0,0
AT1G47820,NA,43,0,1,0,1,0,0
AT1G48360,NA,43,0,0,0,1,0,0
AT1G53541,NA,43,0,0,0,1,0,0
AT1G63660,NA,43,1,0,0,1,0,0
AT1G64185,NA,43,1,1,0,1,0,0
AT1G70895,CLE17,43,0,0,0,1,0,0
AT1G72420,NA,43,0,0,0,1,0,0
AT1G74088,NA,43,1,0,0,1,0,0
AT2G04530,"CPZ, TRZ2",43,0,0,0,1,0,0
AT2G19385,NA,43,0,0,0,1,0,0
AT2G26860,NA,43,0,0,0,1,0,0
AT2G29540,"ATRPAC14, ATRPC14, RPC14",43,0,0,0,1,0,0
AT2G37510,NA,43,1,1,0,1,0,0
AT2G47420,DIM1A,43,0,0,0,1,0,0
AT3G03920,NA,43,1,1,0,0,0,0
AT3G12080,emb2738,43,0,0,0,1,0,0
AT3G18320,NA,43,1,0,0,1,0,0
AT3G19810,NA,43,0,1,0,1,0,0
AT3G23710,"AtTic22-III, Tic22-III",43,0,1,0,1,0,0
AT3G25440,LOH1,43,0,0,0,1,0,0
AT3G26200,CYP71B22,43,1,0,0,0,1,0
AT3G28380,"ABCB17, PGP17",43,1,0,0,1,0,0
AT3G46210,NA,43,1,1,0,1,0,0
AT3G47360,"ATHSD3, HSD3",43,0,0,0,1,0,0
AT3G54530,NA,43,0,1,0,0,0,0
AT3G55080,NA,43,1,0,0,1,0,0
AT3G57360,NA,43,0,1,0,0,0,0
AT3G58220,NA,43,0,0,0,1,0,0
AT3G58700,NA,43,0,0,0,1,0,0
AT3G61340,NA,43,1,0,0,1,0,0
AT3G62470,NA,43,0,0,0,1,0,0
AT4G01310,NA,43,0,1,0,0,0,0
AT4G01533,NA,43,1,0,0,1,0,0
AT4G12600,NA,43,1,1,0,1,0,0
AT4G13320,NA,43,0,0,0,1,0,0
AT4G14780,NA,43,1,0,0,0,0,0
AT4G15850,"ATRH1, RH1",43,1,0,0,1,0,0
AT4G16350,"CBL6, SCABP2",43,0,0,0,1,0,0
AT4G18370,"DEG5, DEGP5, HHOA",43,0,0,0,1,0,0
AT4G23540,NA,43,1,0,0,1,0,0
AT4G26110,"ATNAP1;1, NAP1;1",43,0,0,0,1,0,0
AT4G27450,NA,43,1,1,0,1,0,0
AT4G27490,RRP41L,43,1,0,0,1,0,0
AT4G31120,"ATPRMT5, PRMT5, SKB1",43,1,0,0,1,0,0
AT4G34360,NA,43,1,0,0,1,0,0
AT4G37660,NA,43,1,0,0,0,0,0
AT5G05540,SDN2,43,0,0,0,1,0,0
AT5G07760,NA,43,1,0,0,1,0,0
AT5G11450,PPD5,43,0,0,0,1,0,0
AT5G21970,NA,43,0,0,0,1,0,0
AT5G25500,NA,43,0,0,0,1,0,0
AT5G25580,NA,43,0,0,0,1,0,0
AT5G46050,"ATPTR3, PTR3",43,1,1,0,1,0,0
AT5G46840,NA,43,0,0,0,1,0,0
AT5G57270,NA,43,0,0,0,1,0,0
AT5G61330,NA,43,0,0,0,1,0,0
ATCG00390,TRNT.2,43,0,0,0,1,0,0
AT1G07320,"EMB2784, PRPL4, RPL4",44,0,1,0,0,0,0
AT1G07570,"APK1, APK1A",44,0,1,0,0,0,0
AT1G12880,"atnudt12, NUDT12",44,0,0,0,1,0,0
AT1G19300,"ATGATL1, GATL1, GLZ1, PARVUS",44,0,0,0,1,0,0
AT1G34050,NA,44,1,0,0,0,0,0
AT2G02620,NA,44,1,0,0,0,0,0
AT2G06950,NA,44,1,1,0,1,0,0
AT2G18450,SDH1-2,44,0,0,0,1,0,0
AT2G24440,NA,44,0,1,0,0,0,0
AT2G24800,NA,44,0,0,0,1,0,0
AT2G44910,"ATHB-4, ATHB4, HB4",44,0,0,0,1,0,0
AT3G09680,NA,44,1,0,0,1,0,0
AT3G14950,TTL2,44,1,0,0,0,0,0
AT3G27750,"EMB3123, THA8",44,0,1,0,1,0,0
AT3G44180,NA,44,1,0,0,0,0,0
AT3G49580,LSU1,44,1,0,0,0,0,0
AT3G50340,NA,44,0,0,0,1,0,0
AT3G59900,ARGOS,44,0,0,0,1,0,0
AT4G04745,NA,44,1,0,0,0,0,0
AT4G20260,"ATPCAP1, MDP25, PCAP1",44,1,0,0,1,0,0
AT4G25250,NA,44,1,0,0,0,0,0
AT5G04390,NA,44,1,0,0,1,0,0
AT5G13485,NA,44,1,1,0,0,0,0
AT5G51110,NA,44,0,0,0,1,0,0
AT1G02080,NA,45,0,1,0,0,0,0
AT1G03060,SPI,45,0,1,0,0,0,0
AT1G15210,"ABCG35, ATPDR7, PDR7",45,0,1,0,0,0,0
AT1G16550,NA,45,0,0,0,1,0,0
AT1G20570,NA,45,0,0,0,1,0,0
AT1G20960,emb1507,45,0,1,0,0,0,0
AT1G21580,NA,45,0,1,0,0,0,0
AT1G22060,NA,45,0,1,0,0,0,0
AT1G30400,"ABCC1, ATABCC1, ATMRP1, EST1, MRP1",45,0,1,0,0,0,0
AT1G34420,NA,45,1,0,0,0,0,0
AT1G36160,"ACC1, AT-ACC1, EMB22, GK, GSD1, PAS3, SFR3",45,0,1,0,0,0,1
AT1G49340,ATPI4K ALPHA,45,0,1,0,0,0,0
AT1G55350,"ATDEK1, DEK1, EMB1275, EMB80",45,0,1,0,0,0,0
AT1G58230,NA,45,0,1,0,0,0,0
AT1G68710,NA,45,0,1,0,0,0,0
AT1G69350,NA,45,1,0,0,0,0,0
AT1G70320,UPL2,45,0,1,0,0,0,0
AT1G71010,FAB1C,45,0,1,0,0,0,0
AT2G25730,NA,45,0,1,0,0,0,0
AT2G26890,"GRV2, KAM2",45,0,1,0,0,0,0
AT2G29410,"ATMTPB1, MTPB1",45,1,0,0,1,0,0
AT2G34660,"ABCC2, AtABCC2, ATMRP2, EST4, MRP2",45,0,1,0,0,0,0
AT2G35630,"GEM1, MOR1",45,0,1,0,0,0,0
AT2G36380,"ABCG34, ATPDR6, PDR6",45,0,1,0,0,0,0
AT2G40770,NA,45,0,1,0,0,0,0
AT2G41830,NA,45,0,1,0,0,0,0
AT2G48060,NA,45,0,1,0,0,0,0
AT3G19190,"ATATG2, ATG2",45,0,1,0,0,0,0
AT3G47790,"ABCA8, ATATH7, ATH7",45,0,1,0,0,0,0
AT3G54280,"ATBTAF1, BTAF1, CHA16, CHR16, RGD3",45,0,1,0,0,0,0
AT4G00450,"CCT, CRP, MED12",45,0,1,0,0,0,0
AT4G02660,NA,45,0,1,0,0,0,0
AT4G12020,"ATWRKY19, MAPKKK11, MEKK4, WRKY19",45,0,0,0,0,0,1
AT4G30097,NA,45,0,1,0,0,0,0
AT4G30990,NA,45,0,0,0,1,0,0
AT4G33240,FAB1A,45,0,1,0,0,0,0
AT4G35380,NA,45,0,1,0,0,0,0
AT4G37250,NA,45,0,0,0,1,0,0
AT4G39420,NA,45,0,1,0,0,0,0
AT5G02310,PRT6,45,0,1,0,0,0,0
AT5G05435,NA,45,1,0,0,0,0,0
AT5G07880,"ATSNAP29, SNAP29",45,1,1,0,1,1,0
AT5G15680,NA,45,0,1,0,0,0,0
AT5G20490,"ATXIK, XI-17, XI-K, XIK",45,0,1,0,0,0,0
AT5G40820,"ATATR, ATR, ATRAD3",45,0,1,0,0,0,0
AT5G40890,"ATCLC-A, ATCLCA, CLC-A, CLC-A, CLCA",45,0,1,0,0,0,0
AT5G41540,NA,45,0,1,0,1,0,0
AT5G49680,NA,45,0,1,0,0,0,0
AT5G59650,NA,45,0,0,0,1,0,0
AT5G65970,"ATMLO10, MLO10",45,0,1,0,0,0,0
AT1G50790,NA,46,1,0,0,0,0,0
AT1G68930,NA,46,1,0,0,0,0,0
AT1G76740,NA,46,0,1,0,0,0,0
AT1G78020,NA,46,1,0,0,1,0,0
AT3G27010,"AT-TCP20, ATTCP20, PCF1, TCP20",46,1,0,0,0,0,0
AT3G44120,NA,46,1,0,0,1,0,0
AT3G59750,NA,46,0,1,0,0,0,0
AT4G13330,NA,46,0,0,0,1,0,0
AT4G25120,"ATSRS2, SRS2",46,1,0,0,0,0,0
AT4G36105,NA,46,1,0,0,0,0,0
AT5G15390,NA,46,1,0,0,0,0,0
AT5G23980,"ATFRO4, FRO4",46,1,1,0,1,1,0
AT5G55220,NA,46,1,0,0,0,0,0
AT1G09900,NA,47,0,0,0,1,0,0
AT1G28100,NA,47,0,0,0,1,0,0
AT1G44740,NA,47,0,0,0,1,0,0
AT1G53542,NA,47,0,0,0,1,0,0
AT1G53600,NA,47,0,0,0,1,0,0
AT1G54310,NA,47,1,0,0,0,0,0
AT1G64220,TOM7-2,47,1,1,0,1,0,0
AT1G64600,NA,47,1,0,0,1,0,0
AT1G74580,NA,47,0,0,0,1,0,0
AT1G78580,"ATTPS1, TPS1, TPS1",47,0,1,0,0,0,0
AT1G79270,ECT8,47,0,1,0,0,0,0
AT1G79470,NA,47,1,0,0,1,0,0
AT1G80720,NA,47,0,1,0,1,0,0
AT2G15400,"NRPE3B, RBP36B",47,0,0,0,1,0,0
AT2G31840,MRL7-L,47,0,0,0,1,0,0
AT2G33710,NA,47,1,0,0,0,0,0
AT2G46060,NA,47,1,0,0,1,0,0
AT3G04020,NA,47,0,0,0,1,0,0
AT3G07200,NA,47,1,0,0,0,0,0
AT3G09650,"CRM3, HCF152",47,0,0,0,1,0,0
AT3G11745,NA,47,0,0,0,1,0,0
AT3G19500,NA,47,0,1,0,0,0,0
AT3G28865,NA,47,0,0,0,1,0,0
AT3G30122,NA,47,1,0,0,1,0,0
AT3G52910,"AtGRF4, GRF4",47,1,0,0,1,0,0
AT3G54910,NA,47,1,1,0,1,0,0
AT3G57010,NA,47,1,0,0,0,0,0
AT3G58660,NA,47,1,0,0,1,0,0
AT4G10690,NA,47,1,0,0,1,0,0
AT4G12240,NA,47,1,0,0,0,0,0
AT4G12740,NA,47,1,0,0,1,0,0
AT4G30662,NA,47,1,0,0,0,0,0
AT4G31360,NA,47,0,0,0,1,0,0
AT5G05580,"AtFAD8, FAD8",47,1,0,0,1,0,0
AT5G09380,NA,47,0,1,0,1,0,0
AT5G14000,"anac084, NAC084",47,0,0,0,1,0,0
AT5G14660,"ATDEF2, DEF2, PDF1B",47,0,0,0,1,0,0
AT5G15700,NA,47,0,0,0,0,0,1
AT5G15750,NA,47,0,0,0,1,0,0
AT5G15760,PSRP3/2,47,0,0,0,1,0,0
AT5G20450,NA,47,0,0,0,1,0,0
AT5G20600,NA,47,0,1,0,0,0,0
AT5G27330,NA,47,1,1,0,1,0,0
AT5G52400,CYP715A1,47,1,0,0,1,0,0
AT5G56380,NA,47,0,0,0,1,0,0
AT5G57280,RID2,47,1,0,0,0,0,0
AT1G10170,"ATNFXL1, NFXL1",48,0,1,0,1,0,0
AT1G11190,"BFN1, ENDO1",48,0,0,0,1,0,0
AT1G20310,NA,48,0,0,0,1,0,0
AT1G21680,NA,48,0,1,0,1,0,0
AT1G27320,"AHK3, HK3",48,0,1,0,0,0,0
AT1G49530,GGPS6,48,0,1,0,1,0,0
AT1G67900,NA,48,0,1,0,0,0,0
AT1G73480,NA,48,1,1,0,1,0,0
AT1G79245,NA,48,0,1,0,0,0,0
AT2G14095,NA,48,1,0,0,1,0,0
AT2G19570,"AT-CDA1, CDA1, DESZ",48,1,0,0,0,0,0
AT2G22760,NA,48,0,1,0,1,0,0
AT2G31560,NA,48,1,0,0,1,0,0
AT2G34350,NA,48,1,0,0,1,0,0
AT2G35510,SRO1,48,0,1,0,0,0,0
AT2G46510,"AIB, ATAIB",48,0,0,0,1,0,0
AT2G47950,NA,48,0,0,0,1,0,0
AT3G17510,"CIPK1, SnRK3.16",48,1,0,0,0,0,0
AT3G19970,NA,48,0,1,0,1,0,0
AT3G25495,NA,48,0,1,0,0,0,0
AT3G28740,CYP81D11,48,1,1,0,0,0,0
AT3G50310,"MAPKKK20, MKKK20",48,0,0,0,1,0,0
AT3G55940,NA,48,0,0,0,1,0,0
AT3G61740,"ATX3, SDG14",48,0,1,0,0,0,0
AT3G62010,NA,48,0,1,0,0,0,0
AT3G62700,"ABCC14, ATMRP10, MRP10",48,0,0,0,1,0,0
AT3G62730,NA,48,0,1,0,0,0,0
AT4G04840,"ATMSRB6, MSRB6",48,1,0,0,1,0,0
AT4G14280,NA,48,0,1,0,0,0,0
AT4G14630,GLP9,48,1,0,0,1,0,0
AT4G18980,AtS40-3,48,0,0,0,1,0,0
AT4G37030,NA,48,0,1,0,0,0,0
AT4G37710,NA,48,1,0,0,1,0,0
AT5G07290,"AML4, ML4",48,0,1,0,0,0,0
AT5G10650,NA,48,0,1,0,1,0,0
AT5G17850,NA,48,0,1,0,1,0,0
AT5G27610,"ALY1, ATALY1",48,0,1,0,0,0,0
AT5G36220,"CYP81D1, CYP91A1",48,0,0,0,1,0,0
AT5G39785,NA,48,0,1,0,0,0,0
AT5G40020,NA,48,0,0,0,1,0,0
AT5G51260,NA,48,1,0,0,1,0,0
AT5G52020,NA,48,0,0,0,1,0,0
AT1G01970,NA,49,0,0,0,1,0,0
AT1G20065,NA,49,0,0,0,1,0,0
AT1G27920,MAP65-8,49,0,0,0,1,0,0
AT1G31335,NA,49,0,0,0,1,0,0
AT1G53330,NA,49,0,0,0,1,0,0
AT1G62350,NA,49,0,0,0,1,0,0
AT2G45850,NA,49,1,0,0,0,0,0
AT3G09150,"ATHY2, GUN3, HY2",49,0,0,0,1,0,0
AT3G17626,NA,49,0,0,0,1,0,0
AT3G23830,"AtGRP4, GR-RBP4, GRP4",49,1,1,0,1,0,0
AT3G48500,"PDE312, PTAC10, TAC10",49,0,0,0,1,0,0
AT3G53940,NA,49,0,0,0,1,0,0
AT3G56570,NA,49,0,1,0,1,0,0
AT4G11240,TOPP7,49,0,0,0,1,0,0
AT4G23260,CRK18,49,1,0,0,0,0,0
AT4G26555,NA,49,0,1,0,0,0,0
AT4G28020,NA,49,0,0,0,1,0,0
AT4G28420,NA,49,1,0,0,0,0,0
AT5G22210,NA,49,0,0,0,1,0,0
AT5G22890,NA,49,1,1,0,1,1,1
AT5G23405,NA,49,0,0,0,1,0,0
AT5G62190,PRH75,49,0,0,0,1,0,0
AT4G03470,NA,50,1,0,0,0,0,0
AT4G24770,"ATRBP31, ATRBP33, CP31, RBP31",50,1,1,0,0,0,0
AT5G57920,"AtENODL10, ENODL10",50,0,0,0,1,0,0