Run,AGE,Assay Type,AvgSpotLen,Bases,BioProject,BioSample,Bytes,Center Name,collection_date,condition,Consent,DATASTORE filetype,DATASTORE provider,DATASTORE region,Experiment,geo_loc_name_country,geo_loc_name_country_continent,geo_loc_name,gfp_localization,Instrument,Library Name,LibraryLayout,LibrarySelection,LibrarySource,Organism,Platform,ReleaseDate,create_date,version,Sample Name,source_name,SRA Study,tissue,treatment
SRR23942958,8 day old plus 12 hours,RNA-Seq,125,2351465750,PRJNA947662,SAMN33864866,979485577,"LONG LAB, PLANT & MICROBIAL BIOLOGY, NORTH CAROLINA STATE UNIVERSITY",missing,36hrs = 8d 12 hrs (7 d +Fe/ 36hrs +Fe),public,"fastq,run.zq,sra","s3,ncbi,gs","s3.us-east-1,ncbi.public,gs.us-east1",SRX19752248,uncalculated,uncalculated,missing,Epidermis,Illumina HiSeq 2500,GSM7112498,SINGLE,cDNA,TRANSCRIPTOMIC,Arabidopsis thaliana,ILLUMINA,2023-10-31T00:00:00Z,2023-03-22T20:16:00Z,1,GSM7112498,Protoplast of root epidermal cells (GFP-positive),SRP428801,Root Cells,Plus Iron
SRR23942959,8 day old plus 12 hours,RNA-Seq,125,2249830500,PRJNA947662,SAMN33864867,941398627,"LONG LAB, PLANT & MICROBIAL BIOLOGY, NORTH CAROLINA STATE UNIVERSITY",missing,36hrs = 8d 12 hrs (7 d +Fe/ 36hrs +Fe),public,"fastq,run.zq,sra","ncbi,gs,s3","gs.us-east1,s3.us-east-1,ncbi.public",SRX19752247,uncalculated,uncalculated,missing,Epidermis,Illumina HiSeq 2500,GSM7112497,SINGLE,cDNA,TRANSCRIPTOMIC,Arabidopsis thaliana,ILLUMINA,2023-10-31T00:00:00Z,2023-03-22T20:18:00Z,1,GSM7112497,Protoplast of root epidermal cells (GFP-positive),SRP428801,Root Cells,Plus Iron
SRR23942960,8 day old plus 12 hours,RNA-Seq,125,14250187125,PRJNA947662,SAMN33864868,5933336730,"LONG LAB, PLANT & MICROBIAL BIOLOGY, NORTH CAROLINA STATE UNIVERSITY",missing,36hrs = 8d 12 hrs (7 d +Fe/ 36hrs -Fe),public,"fastq,sra,run.zq","s3,gs,ncbi","gs.us-east1,ncbi.public,s3.us-east-1",SRX19752246,uncalculated,uncalculated,missing,Epidermis,Illumina HiSeq 2500,GSM7112496,SINGLE,cDNA,TRANSCRIPTOMIC,Arabidopsis thaliana,ILLUMINA,2023-10-31T00:00:00Z,2023-03-22T20:55:00Z,1,GSM7112496,Protoplast of root epidermal cells (GFP-positive),SRP428801,Root Cells,Minus Iron
SRR23942961,8 day old plus 12 hours,RNA-Seq,125,1855054625,PRJNA947662,SAMN33864869,768185448,"LONG LAB, PLANT & MICROBIAL BIOLOGY, NORTH CAROLINA STATE UNIVERSITY",missing,36hrs = 8d 12 hrs (7 d +Fe/ 36hrs -Fe),public,"run.zq,fastq,sra","ncbi,s3,gs","ncbi.public,s3.us-east-1,gs.us-east1",SRX19752245,uncalculated,uncalculated,missing,Epidermis,Illumina HiSeq 2500,GSM7112495,SINGLE,cDNA,TRANSCRIPTOMIC,Arabidopsis thaliana,ILLUMINA,2023-10-31T00:00:00Z,2023-03-22T20:16:00Z,1,GSM7112495,Protoplast of root epidermal cells (GFP-positive),SRP428801,Root Cells,Minus Iron
SRR23942962,8 day old,RNA-Seq,125,3619229250,PRJNA947662,SAMN33864870,1501564114,"LONG LAB, PLANT & MICROBIAL BIOLOGY, NORTH CAROLINA STATE UNIVERSITY",missing,24hrs = 8d (7d +Fe/ 24hrs +Fe),public,"fastq,sra,run.zq","ncbi,s3,gs","gs.us-east1,s3.us-east-1,ncbi.public",SRX19752244,uncalculated,uncalculated,missing,Epidermis,Illumina HiSeq 2500,GSM7112494,SINGLE,cDNA,TRANSCRIPTOMIC,Arabidopsis thaliana,ILLUMINA,2023-10-31T00:00:00Z,2023-03-22T20:22:00Z,1,GSM7112494,Protoplast of root epidermal cells (GFP-positive),SRP428801,Root Cells,Plus Iron
SRR23942963,8 day old,RNA-Seq,125,2569218625,PRJNA947662,SAMN33864871,1081757640,"LONG LAB, PLANT & MICROBIAL BIOLOGY, NORTH CAROLINA STATE UNIVERSITY",missing,24hrs = 8d (7d +Fe/ 24hrs +Fe),public,"fastq,sra,run.zq","s3,gs,ncbi","s3.us-east-1,ncbi.public,gs.us-east1",SRX19752243,uncalculated,uncalculated,missing,Epidermis,Illumina HiSeq 2500,GSM7112493,SINGLE,cDNA,TRANSCRIPTOMIC,Arabidopsis thaliana,ILLUMINA,2023-10-31T00:00:00Z,2023-03-22T20:45:00Z,1,GSM7112493,Protoplast of root epidermal cells (GFP-positive),SRP428801,Root Cells,Plus Iron
SRR23942964,7 day old plus 12 hours,RNA-Seq,125,984419250,PRJNA947662,SAMN33864872,410597757,"LONG LAB, PLANT & MICROBIAL BIOLOGY, NORTH CAROLINA STATE UNIVERSITY",missing,12hrs = 7d +Fe/ 12hrs -Fe,public,"fastq,run.zq,sra","s3,ncbi,gs","gs.us-east1,ncbi.public,s3.us-east-1",SRX19752242,uncalculated,uncalculated,missing,Epidermis,Illumina HiSeq 2500,GSM7112492,SINGLE,cDNA,TRANSCRIPTOMIC,Arabidopsis thaliana,ILLUMINA,2023-10-31T00:00:00Z,2023-03-22T20:13:00Z,1,GSM7112492,Protoplast of root epidermal cells (GFP-positive),SRP428801,Root Cells,Minus Iron
SRR23942965,7 day old plus 18 hours,RNA-Seq,125,4131132375,PRJNA947662,SAMN33864874,1726441782,"LONG LAB, PLANT & MICROBIAL BIOLOGY, NORTH CAROLINA STATE UNIVERSITY",missing,18hrs = 7d +Fe/ 18hrs -Fe,public,"sra,fastq,run.zq","ncbi,gs,s3","ncbi.public,gs.us-east1,s3.us-east-1",SRX19752240,uncalculated,uncalculated,missing,Epidermis,Illumina HiSeq 2500,GSM7112490,SINGLE,cDNA,TRANSCRIPTOMIC,Arabidopsis thaliana,ILLUMINA,2023-10-31T00:00:00Z,2023-03-22T20:16:00Z,1,GSM7112490,Protoplast of root epidermal cells (GFP-positive),SRP428801,Root Cells,Minus Iron
SRR23942966,7 day old plus 18 hours,RNA-Seq,125,2954826625,PRJNA947662,SAMN33864875,1235155249,"LONG LAB, PLANT & MICROBIAL BIOLOGY, NORTH CAROLINA STATE UNIVERSITY",missing,18hrs = 7d +Fe/ 18hrs +Fe,public,"run.zq,fastq,sra","s3,gs,ncbi","gs.us-east1,s3.us-east-1,ncbi.public",SRX19752239,uncalculated,uncalculated,missing,Epidermis,Illumina HiSeq 2500,GSM7112489,SINGLE,cDNA,TRANSCRIPTOMIC,Arabidopsis thaliana,ILLUMINA,2023-10-31T00:00:00Z,2023-03-22T20:18:00Z,1,GSM7112489,Protoplast of root epidermal cells (GFP-positive),SRP428801,Root Cells,Plus Iron
SRR23942967,7 day old plus 18 hours,RNA-Seq,125,2932332875,PRJNA947662,SAMN33864876,1222058468,"LONG LAB, PLANT & MICROBIAL BIOLOGY, NORTH CAROLINA STATE UNIVERSITY",missing,18hrs = 7d +Fe/ 18hrs +Fe,public,"run.zq,fastq,sra","ncbi,s3,gs","ncbi.public,gs.us-east1,s3.us-east-1",SRX19752238,uncalculated,uncalculated,missing,Epidermis,Illumina HiSeq 2500,GSM7112488,SINGLE,cDNA,TRANSCRIPTOMIC,Arabidopsis thaliana,ILLUMINA,2023-10-31T00:00:00Z,2023-03-22T20:20:00Z,1,GSM7112488,Protoplast of root epidermal cells (GFP-positive),SRP428801,Root Cells,Plus Iron
SRR23942968,7 day old plus 12 hours,RNA-Seq,125,939946250,PRJNA947662,SAMN33864873,391317619,"LONG LAB, PLANT & MICROBIAL BIOLOGY, NORTH CAROLINA STATE UNIVERSITY",missing,12hrs = 7d +Fe/ 12hrs -Fe,public,"fastq,run.zq,sra","s3,ncbi,gs","ncbi.public,s3.us-east-1,gs.us-east1",SRX19752241,uncalculated,uncalculated,missing,Epidermis,Illumina HiSeq 2500,GSM7112491,SINGLE,cDNA,TRANSCRIPTOMIC,Arabidopsis thaliana,ILLUMINA,2023-10-31T00:00:00Z,2023-03-22T20:17:00Z,1,GSM7112491,Protoplast of root epidermal cells (GFP-positive),SRP428801,Root Cells,Minus Iron
SRR23942969,8 day old,RNA-Seq,125,4012917125,PRJNA947662,SAMN33864877,1676330410,"LONG LAB, PLANT & MICROBIAL BIOLOGY, NORTH CAROLINA STATE UNIVERSITY",missing,24hrs = 8d (7d +Fe/ 24hrs -Fe),public,"sra,run.zq,fastq","gs,s3,ncbi","gs.us-east1,s3.us-east-1,ncbi.public",SRX19752237,uncalculated,uncalculated,missing,Epidermis,Illumina HiSeq 2500,GSM7112487,SINGLE,cDNA,TRANSCRIPTOMIC,Arabidopsis thaliana,ILLUMINA,2023-10-31T00:00:00Z,2023-03-22T20:23:00Z,1,GSM7112487,Protoplast of root epidermal cells (GFP-positive),SRP428801,Root Cells,Minus Iron
SRR23942970,8 day old plus 6 hours,RNA-Seq,125,4057009750,PRJNA947662,SAMN33864878,1661129749,"LONG LAB, PLANT & MICROBIAL BIOLOGY, NORTH CAROLINA STATE UNIVERSITY",missing,30hrs = 8d 6hrs (7d +Fe/ 30 hrs -Fe),public,"sra,fastq,run.zq","s3,ncbi,gs","gs.us-east1,ncbi.public,s3.us-east-1",SRX19752236,uncalculated,uncalculated,missing,Epidermis,Illumina HiSeq 2500,GSM7112486,SINGLE,cDNA,TRANSCRIPTOMIC,Arabidopsis thaliana,ILLUMINA,2023-10-31T00:00:00Z,2023-03-22T20:21:00Z,1,GSM7112486,Protoplast of root epidermal cells (GFP-positive),SRP428801,Root Cells,Minus Iron
SRR23942971,8 day old plus 6 hours,RNA-Seq,125,2327693625,PRJNA947662,SAMN33864879,953908310,"LONG LAB, PLANT & MICROBIAL BIOLOGY, NORTH CAROLINA STATE UNIVERSITY",missing,30hrs = 8d 6hrs (7d +Fe/ 30 hrs -Fe),public,"run.zq,sra,fastq","ncbi,s3,gs","s3.us-east-1,ncbi.public,gs.us-east1",SRX19752235,uncalculated,uncalculated,missing,Epidermis,Illumina HiSeq 2500,GSM7112485,SINGLE,cDNA,TRANSCRIPTOMIC,Arabidopsis thaliana,ILLUMINA,2023-10-31T00:00:00Z,2023-03-22T20:18:00Z,1,GSM7112485,Protoplast of root epidermal cells (GFP-positive),SRP428801,Root Cells,Minus Iron
SRR23942972,8 day old plus 12 hours,RNA-Seq,125,2248728500,PRJNA947662,SAMN33864880,930445349,"LONG LAB, PLANT & MICROBIAL BIOLOGY, NORTH CAROLINA STATE UNIVERSITY",missing,36hrs = 8d 12 hrs (7 d +Fe/ 36hrs -Fe),public,"run.zq,sra,fastq","gs,s3,ncbi","s3.us-east-1,ncbi.public,gs.us-east1",SRX19752234,uncalculated,uncalculated,missing,Epidermis,Illumina HiSeq 2500,GSM7112484,SINGLE,cDNA,TRANSCRIPTOMIC,Arabidopsis thaliana,ILLUMINA,2023-10-31T00:00:00Z,2023-03-22T20:18:00Z,1,GSM7112484,Protoplast of root epidermal cells (GFP-positive),SRP428801,Root Cells,Minus Iron
SRR23942973,8 day old plus 12 hours,RNA-Seq,125,1926346375,PRJNA947662,SAMN33864882,793875153,"LONG LAB, PLANT & MICROBIAL BIOLOGY, NORTH CAROLINA STATE UNIVERSITY",missing,36hrs = 8d 12 hrs (7 d +Fe/ 36hrs +Fe),public,"fastq,run.zq,sra","ncbi,gs,s3","ncbi.public,s3.us-east-1,gs.us-east1",SRX19752232,uncalculated,uncalculated,missing,Epidermis,Illumina HiSeq 2500,GSM7112482,SINGLE,cDNA,TRANSCRIPTOMIC,Arabidopsis thaliana,ILLUMINA,2023-10-31T00:00:00Z,2023-03-22T20:17:00Z,1,GSM7112482,Protoplast of root epidermal cells (GFP-positive),SRP428801,Root Cells,Plus Iron
SRR23942974,8 day old plus 6 hours,RNA-Seq,125,5380016250,PRJNA947662,SAMN33864883,2217606542,"LONG LAB, PLANT & MICROBIAL BIOLOGY, NORTH CAROLINA STATE UNIVERSITY",missing,30hrs = 8d 6hrs (7d +Fe/ 30 hrs -Fe),public,"sra,run.zq,fastq","gs,s3,ncbi","ncbi.public,s3.us-east-1,gs.us-east1",SRX19752231,uncalculated,uncalculated,missing,Epidermis,Illumina HiSeq 2500,GSM7112481,SINGLE,cDNA,TRANSCRIPTOMIC,Arabidopsis thaliana,ILLUMINA,2023-10-31T00:00:00Z,2023-03-22T20:34:00Z,1,GSM7112481,Protoplast of root epidermal cells (GFP-positive),SRP428801,Root Cells,Minus Iron
SRR23942975,8 day old,RNA-Seq,125,3574908125,PRJNA947662,SAMN33864884,1524956294,"LONG LAB, PLANT & MICROBIAL BIOLOGY, NORTH CAROLINA STATE UNIVERSITY",missing,24hrs = 8d (7d +Fe/ 24hrs +Fe),public,"run.zq,sra,fastq","ncbi,gs,s3","s3.us-east-1,ncbi.public,gs.us-east1",SRX19752230,uncalculated,uncalculated,missing,Epidermis,Illumina HiSeq 2500,GSM7112480,SINGLE,cDNA,TRANSCRIPTOMIC,Arabidopsis thaliana,ILLUMINA,2023-10-31T00:00:00Z,2023-03-22T20:21:00Z,1,GSM7112480,Protoplast of root epidermal cells (GFP-positive),SRP428801,Root Cells,Plus Iron
SRR23942976,8 day old plus 6 hours,RNA-Seq,125,1954294625,PRJNA947662,SAMN33864881,794488672,"LONG LAB, PLANT & MICROBIAL BIOLOGY, NORTH CAROLINA STATE UNIVERSITY",missing,30hrs = 8d 6hrs (7d +Fe/ 30 hrs +Fe),public,"fastq,run.zq,sra","ncbi,s3,gs","s3.us-east-1,ncbi.public,gs.us-east1",SRX19752233,uncalculated,uncalculated,missing,Epidermis,Illumina HiSeq 2500,GSM7112483,SINGLE,cDNA,TRANSCRIPTOMIC,Arabidopsis thaliana,ILLUMINA,2023-10-31T00:00:00Z,2023-03-22T20:16:00Z,1,GSM7112483,Protoplast of root epidermal cells (GFP-positive),SRP428801,Root Cells,Plus Iron
SRR23942977,7 day old plus 18 hours,RNA-Seq,125,4766569500,PRJNA947662,SAMN33864885,2038940223,"LONG LAB, PLANT & MICROBIAL BIOLOGY, NORTH CAROLINA STATE UNIVERSITY",missing,18hrs = 7d +Fe/ 18hrs -Fe,public,"fastq,run.zq,sra","ncbi,s3,gs","ncbi.public,s3.us-east-1,gs.us-east1",SRX19752229,uncalculated,uncalculated,missing,Epidermis,Illumina HiSeq 2500,GSM7112479,SINGLE,cDNA,TRANSCRIPTOMIC,Arabidopsis thaliana,ILLUMINA,2023-10-31T00:00:00Z,2023-03-22T20:25:00Z,1,GSM7112479,Protoplast of root epidermal cells (GFP-positive),SRP428801,Root Cells,Minus Iron
SRR23942978,7 day old plus 18 hours,RNA-Seq,125,3685716500,PRJNA947662,SAMN33864886,1559848441,"LONG LAB, PLANT & MICROBIAL BIOLOGY, NORTH CAROLINA STATE UNIVERSITY",missing,18hrs = 7d +Fe/ 18hrs -Fe,public,"fastq,sra,run.zq","ncbi,s3,gs","gs.us-east1,ncbi.public,s3.us-east-1",SRX19752228,uncalculated,uncalculated,missing,Epidermis,Illumina HiSeq 2500,GSM7112478,SINGLE,cDNA,TRANSCRIPTOMIC,Arabidopsis thaliana,ILLUMINA,2023-10-31T00:00:00Z,2023-03-22T20:23:00Z,1,GSM7112478,Protoplast of root epidermal cells (GFP-positive),SRP428801,Root Cells,Minus Iron
SRR23942979,7 day old plus 6 hours,RNA-Seq,125,3450393250,PRJNA947662,SAMN33864887,1457981895,"LONG LAB, PLANT & MICROBIAL BIOLOGY, NORTH CAROLINA STATE UNIVERSITY",missing,6hrs = 7d +Fe/ 6hrs + Fe,public,"run.zq,sra,fastq","ncbi,gs,s3","gs.us-east1,ncbi.public,s3.us-east-1",SRX19752227,uncalculated,uncalculated,missing,Epidermis,Illumina HiSeq 2500,GSM7112477,SINGLE,cDNA,TRANSCRIPTOMIC,Arabidopsis thaliana,ILLUMINA,2023-10-31T00:00:00Z,2023-03-22T20:21:00Z,1,GSM7112477,Protoplast of root epidermal cells (GFP-positive),SRP428801,Root Cells,Plus Iron
SRR23942980,8 day old plus 6 hours,RNA-Seq,125,4082839250,PRJNA947662,SAMN33864888,1741693644,"LONG LAB, PLANT & MICROBIAL BIOLOGY, NORTH CAROLINA STATE UNIVERSITY",missing,30hrs = 8d 6hrs (7d +Fe/ 30 hrs +Fe),public,"run.zq,fastq,sra","s3,ncbi,gs","s3.us-east-1,ncbi.public,gs.us-east1",SRX19752226,uncalculated,uncalculated,missing,Epidermis,Illumina HiSeq 2500,GSM7112476,SINGLE,cDNA,TRANSCRIPTOMIC,Arabidopsis thaliana,ILLUMINA,2023-10-31T00:00:00Z,2023-03-22T20:22:00Z,1,GSM7112476,Protoplast of root epidermal cells (GFP-positive),SRP428801,Root Cells,Plus Iron
SRR23942981,8 day old,RNA-Seq,125,3195725125,PRJNA947662,SAMN33864890,1368053185,"LONG LAB, PLANT & MICROBIAL BIOLOGY, NORTH CAROLINA STATE UNIVERSITY",missing,24hrs = 8d (7d +Fe/ 24hrs -Fe),public,"run.zq,fastq,sra","s3,gs,ncbi","s3.us-east-1,ncbi.public,gs.us-east1",SRX19752224,uncalculated,uncalculated,missing,Epidermis,Illumina HiSeq 2500,GSM7112474,SINGLE,cDNA,TRANSCRIPTOMIC,Arabidopsis thaliana,ILLUMINA,2023-10-31T00:00:00Z,2023-03-22T20:26:00Z,1,GSM7112474,Protoplast of root epidermal cells (GFP-positive),SRP428801,Root Cells,Minus Iron
SRR23942982,8 day old,RNA-Seq,125,902395750,PRJNA947662,SAMN33864891,386966636,"LONG LAB, PLANT & MICROBIAL BIOLOGY, NORTH CAROLINA STATE UNIVERSITY",missing,24hrs = 8d (7d +Fe/ 24hrs -Fe),public,"sra,run.zq,fastq","s3,ncbi,gs","ncbi.public,gs.us-east1,s3.us-east-1",SRX19752223,uncalculated,uncalculated,missing,Epidermis,Illumina HiSeq 2500,GSM7112473,SINGLE,cDNA,TRANSCRIPTOMIC,Arabidopsis thaliana,ILLUMINA,2023-10-31T00:00:00Z,2023-03-22T20:14:00Z,1,GSM7112473,Protoplast of root epidermal cells (GFP-positive),SRP428801,Root Cells,Minus Iron
SRR23942983,7 day old plus 12 hours,RNA-Seq,125,3381094500,PRJNA947662,SAMN33864892,1449452375,"LONG LAB, PLANT & MICROBIAL BIOLOGY, NORTH CAROLINA STATE UNIVERSITY",missing,12hrs = 7d +Fe/ 12hrs -Fe,public,"sra,fastq,run.zq","gs,s3,ncbi","gs.us-east1,ncbi.public,s3.us-east-1",SRX19752222,uncalculated,uncalculated,missing,Epidermis,Illumina HiSeq 2500,GSM7112472,SINGLE,cDNA,TRANSCRIPTOMIC,Arabidopsis thaliana,ILLUMINA,2023-10-31T00:00:00Z,2023-03-22T20:20:00Z,1,GSM7112472,Protoplast of root epidermal cells (GFP-positive),SRP428801,Root Cells,Minus Iron
SRR23942984,8 day old plus 6 hours,RNA-Seq,125,3506287125,PRJNA947662,SAMN33864889,1498681574,"LONG LAB, PLANT & MICROBIAL BIOLOGY, NORTH CAROLINA STATE UNIVERSITY",missing,30hrs = 8d 6hrs (7d +Fe/ 30 hrs +Fe),public,"sra,run.zq,fastq","ncbi,s3,gs","gs.us-east1,s3.us-east-1,ncbi.public",SRX19752225,uncalculated,uncalculated,missing,Epidermis,Illumina HiSeq 2500,GSM7112475,SINGLE,cDNA,TRANSCRIPTOMIC,Arabidopsis thaliana,ILLUMINA,2023-10-31T00:00:00Z,2023-03-22T20:21:00Z,1,GSM7112475,Protoplast of root epidermal cells (GFP-positive),SRP428801,Root Cells,Plus Iron
SRR23942985,7 day old plus 12 hours,RNA-Seq,125,3217526500,PRJNA947662,SAMN33864893,1265205903,"LONG LAB, PLANT & MICROBIAL BIOLOGY, NORTH CAROLINA STATE UNIVERSITY",missing,12hrs = 7d +Fe/ 12hrs +Fe,public,"sra,fastq,run.zq","s3,gs,ncbi","gs.us-east1,ncbi.public,s3.us-east-1",SRX19752221,uncalculated,uncalculated,missing,Epidermis,Illumina HiSeq 2500,GSM7112471,SINGLE,cDNA,TRANSCRIPTOMIC,Arabidopsis thaliana,ILLUMINA,2023-10-31T00:00:00Z,2023-03-22T20:21:00Z,1,GSM7112471,Protoplast of root epidermal cells (GFP-positive),SRP428801,Root Cells,Plus Iron
SRR23942986,7 day old plus 12 hours,RNA-Seq,125,1189845750,PRJNA947662,SAMN33864894,471043272,"LONG LAB, PLANT & MICROBIAL BIOLOGY, NORTH CAROLINA STATE UNIVERSITY",missing,12hrs = 7d +Fe/ 12hrs +Fe,public,"fastq,sra,run.zq","gs,ncbi,s3","ncbi.public,gs.us-east1,s3.us-east-1",SRX19752220,uncalculated,uncalculated,missing,Epidermis,Illumina HiSeq 2500,GSM7112470,SINGLE,cDNA,TRANSCRIPTOMIC,Arabidopsis thaliana,ILLUMINA,2023-10-31T00:00:00Z,2023-03-22T20:14:00Z,1,GSM7112470,Protoplast of root epidermal cells (GFP-positive),SRP428801,Root Cells,Plus Iron
SRR23942987,7 day old plus 12 hours,RNA-Seq,125,1308446750,PRJNA947662,SAMN33864895,516797777,"LONG LAB, PLANT & MICROBIAL BIOLOGY, NORTH CAROLINA STATE UNIVERSITY",missing,12hrs = 7d +Fe/ 12hrs +Fe,public,"sra,run.zq,fastq","ncbi,s3,gs","ncbi.public,s3.us-east-1,gs.us-east1",SRX19752219,uncalculated,uncalculated,missing,Epidermis,Illumina HiSeq 2500,GSM7112469,SINGLE,cDNA,TRANSCRIPTOMIC,Arabidopsis thaliana,ILLUMINA,2023-10-31T00:00:00Z,2023-03-22T20:14:00Z,1,GSM7112469,Protoplast of root epidermal cells (GFP-positive),SRP428801,Root Cells,Plus Iron
SRR23942988,7 day old plus 6 hours,RNA-Seq,125,1432675875,PRJNA947662,SAMN33864896,563053890,"LONG LAB, PLANT & MICROBIAL BIOLOGY, NORTH CAROLINA STATE UNIVERSITY",missing,6hrs = 7d +Fe/ 6hrs -Fe,public,"fastq,sra,run.zq","s3,gs,ncbi","s3.us-east-1,ncbi.public,gs.us-east1",SRX19752218,uncalculated,uncalculated,missing,Epidermis,Illumina HiSeq 2500,GSM7112468,SINGLE,cDNA,TRANSCRIPTOMIC,Arabidopsis thaliana,ILLUMINA,2023-10-31T00:00:00Z,2023-03-22T20:14:00Z,1,GSM7112468,Protoplast of root epidermal cells (GFP-positive),SRP428801,Root Cells,Minus Iron
SRR23942989,7 day old plus 6 hours,RNA-Seq,125,2588022250,PRJNA947662,SAMN33864898,1015630489,"LONG LAB, PLANT & MICROBIAL BIOLOGY, NORTH CAROLINA STATE UNIVERSITY",missing,6hrs = 7d +Fe/ 6hrs -Fe,public,"run.zq,sra,fastq","ncbi,s3,gs","gs.us-east1,s3.us-east-1,ncbi.public",SRX19752216,uncalculated,uncalculated,missing,Epidermis,Illumina HiSeq 2500,GSM7112466,SINGLE,cDNA,TRANSCRIPTOMIC,Arabidopsis thaliana,ILLUMINA,2023-10-31T00:00:00Z,2023-03-22T20:22:00Z,1,GSM7112466,Protoplast of root epidermal cells (GFP-positive),SRP428801,Root Cells,Minus Iron
SRR23942990,7 day old plus 18 hours,RNA-Seq,125,3350089875,PRJNA947662,SAMN33864899,1308011791,"LONG LAB, PLANT & MICROBIAL BIOLOGY, NORTH CAROLINA STATE UNIVERSITY",missing,18hrs = 7d +Fe/ 18hrs +Fe,public,"run.zq,fastq,sra","gs,ncbi,s3","s3.us-east-1,gs.us-east1,ncbi.public",SRX19752215,uncalculated,uncalculated,missing,Epidermis,Illumina HiSeq 2500,GSM7112465,SINGLE,cDNA,TRANSCRIPTOMIC,Arabidopsis thaliana,ILLUMINA,2023-10-31T00:00:00Z,2023-03-22T20:19:00Z,1,GSM7112465,Protoplast of root epidermal cells (GFP-positive),SRP428801,Root Cells,Plus Iron
SRR23942991,7 day old plus 6 hours,RNA-Seq,125,2210921875,PRJNA947662,SAMN33864900,876612768,"LONG LAB, PLANT & MICROBIAL BIOLOGY, NORTH CAROLINA STATE UNIVERSITY",missing,6hrs = 7d +Fe/ 6hrs + Fe,public,"run.zq,sra,fastq","s3,gs,ncbi","gs.us-east1,s3.us-east-1,ncbi.public",SRX19752214,uncalculated,uncalculated,missing,Epidermis,Illumina HiSeq 2500,GSM7112464,SINGLE,cDNA,TRANSCRIPTOMIC,Arabidopsis thaliana,ILLUMINA,2023-10-31T00:00:00Z,2023-03-22T20:16:00Z,1,GSM7112464,Protoplast of root epidermal cells (GFP-positive),SRP428801,Root Cells,Plus Iron
SRR23942992,7 day old plus 6 hours,RNA-Seq,125,1612790875,PRJNA947662,SAMN33864897,630419736,"LONG LAB, PLANT & MICROBIAL BIOLOGY, NORTH CAROLINA STATE UNIVERSITY",missing,6hrs = 7d +Fe/ 6hrs -Fe,public,"fastq,sra,run.zq","gs,s3,ncbi","ncbi.public,s3.us-east-1,gs.us-east1",SRX19752217,uncalculated,uncalculated,missing,Epidermis,Illumina HiSeq 2500,GSM7112467,SINGLE,cDNA,TRANSCRIPTOMIC,Arabidopsis thaliana,ILLUMINA,2023-10-31T00:00:00Z,2023-03-22T20:16:00Z,1,GSM7112467,Protoplast of root epidermal cells (GFP-positive),SRP428801,Root Cells,Minus Iron
SRR23942993,7 day old plus 6 hours,RNA-Seq,125,1967041875,PRJNA947662,SAMN33864901,775140300,"LONG LAB, PLANT & MICROBIAL BIOLOGY, NORTH CAROLINA STATE UNIVERSITY",missing,6hrs = 7d +Fe/ 6hrs + Fe,public,"run.zq,sra,fastq","gs,s3,ncbi","ncbi.public,gs.us-east1,s3.us-east-1",SRX19752213,uncalculated,uncalculated,missing,Epidermis,Illumina HiSeq 2500,GSM7112463,SINGLE,cDNA,TRANSCRIPTOMIC,Arabidopsis thaliana,ILLUMINA,2023-10-31T00:00:00Z,2023-03-22T20:17:00Z,1,GSM7112463,Protoplast of root epidermal cells (GFP-positive),SRP428801,Root Cells,Plus Iron
SRR23942994,7 day old,RNA-Seq,125,1035944125,PRJNA947662,SAMN33864902,411653209,"LONG LAB, PLANT & MICROBIAL BIOLOGY, NORTH CAROLINA STATE UNIVERSITY",missing,Zero time point,public,"run.zq,sra,fastq","s3,ncbi,gs","gs.us-east1,s3.us-east-1,ncbi.public",SRX19752212,uncalculated,uncalculated,missing,Epidermis,Illumina HiSeq 2500,GSM7112462,SINGLE,cDNA,TRANSCRIPTOMIC,Arabidopsis thaliana,ILLUMINA,2023-10-31T00:00:00Z,2023-03-22T20:14:00Z,1,GSM7112462,Protoplast of root epidermal cells (GFP-positive),SRP428801,Root Cells,Plus Iron
SRR23942995,7 day old,RNA-Seq,125,1387387000,PRJNA947662,SAMN33864903,550729049,"LONG LAB, PLANT & MICROBIAL BIOLOGY, NORTH CAROLINA STATE UNIVERSITY",missing,Zero time point,public,"run.zq,fastq,sra","gs,ncbi,s3","s3.us-east-1,gs.us-east1,ncbi.public",SRX19752211,uncalculated,uncalculated,missing,Epidermis,Illumina HiSeq 2500,GSM7112461,SINGLE,cDNA,TRANSCRIPTOMIC,Arabidopsis thaliana,ILLUMINA,2023-10-31T00:00:00Z,2023-03-22T20:16:00Z,1,GSM7112461,Protoplast of root epidermal cells (GFP-positive),SRP428801,Root Cells,Plus Iron
SRR23942996,7 day old,RNA-Seq,125,2711982625,PRJNA947662,SAMN33864904,1076205844,"LONG LAB, PLANT & MICROBIAL BIOLOGY, NORTH CAROLINA STATE UNIVERSITY",missing,Zero time point,public,"sra,run.zq,fastq","gs,ncbi,s3","gs.us-east1,s3.us-east-1,ncbi.public",SRX19752210,uncalculated,uncalculated,missing,Epidermis,Illumina HiSeq 2500,GSM7112460,SINGLE,cDNA,TRANSCRIPTOMIC,Arabidopsis thaliana,ILLUMINA,2023-10-31T00:00:00Z,2023-03-22T20:19:00Z,1,GSM7112460,Protoplast of root epidermal cells (GFP-positive),SRP428801,Root Cells,Plus Iron
